Time_sec,ExpectedPos,ActualPos
0.0000,3.0416,3.0416
0.0330,2.9916,2.9916
0.0660,2.9416,2.9416
0.1320,2.8416,2.8416
0.1650,2.7916,2.7916
0.2060,2.7416,2.7416
0.2760,2.6916,2.6916
0.3150,2.6416,2.6416
0.3530,2.5416,2.5416
0.4190,2.4416,2.4416
0.4520,2.3916,2.3916
0.4850,2.3416,2.3416
0.5500,2.2416,2.2416
0.5830,2.1916,2.1916
0.6150,2.1416,2.1416
0.6820,2.0416,2.0416
0.7220,1.9916,1.9916
0.7550,1.9416,1.9416
0.8250,1.8416,1.8416
0.8590,1.7916,1.7916
0.8910,1.7416,1.7416
0.9560,1.6416,1.6416
0.9890,1.5916,1.5916
1.0630,1.5416,1.5416
1.0960,1.4416,1.4416
1.1270,1.3916,1.3916
1.2020,1.3416,1.3416
1.2340,1.2416,1.2416
1.2750,1.1916,1.1916
1.3070,1.1416,1.1416
1.4090,1.0416,1.0416
1.4460,0.9416,0.9416
1.5130,0.8416,0.8416
1.5450,0.7916,0.7916
1.5780,0.7416,0.7416
1.6440,0.6416,0.6416
1.6770,0.5916,0.5916
1.7180,0.5416,0.5416
1.7880,0.4916,0.4916
1.8250,0.3916,0.3916
1.8570,0.3416,0.3416
1.9230,0.2416,0.2416
1.9550,0.1916,0.1916
1.9880,0.1416,0.1416
2.0530,0.0416,0.0416
2.0860,-0.0084,-0.0084
2.1510,-0.1084,-0.1084
2.2180,-0.1584,-0.1584
2.2580,-0.2084,-0.2084
2.2900,-0.2584,-0.2584
2.3310,-0.3584,-0.3584
2.3620,-0.4084,-0.4084
2.4270,-0.4584,-0.4584
2.4970,-0.5584,-0.5584
2.5680,-0.6584,-0.6584
2.6010,-0.7584,-0.7584
2.6340,-0.8084,-0.8084
2.7000,-0.9084,-0.9084
2.7710,-0.9584,-0.9584
2.8090,-1.0584,-1.0584
2.8510,-1.1084,-1.1084
2.9130,-1.2084,-1.2084
2.9450,-1.2584,-1.2584
2.9780,-1.3084,-1.3084
3.0440,-1.4084,-1.4084
3.0760,-1.4584,-1.4584
3.1420,-1.5584,-1.5584
3.2070,-1.6584,-1.6584
3.2810,-1.7084,-1.7084
3.3580,-1.8584,-1.8584
3.4220,-1.9584,-1.9584
3.4870,-2.0584,-2.0584
3.5190,-2.1084,-2.1084
3.5520,-2.1584,-2.1584
3.6170,-2.2584,-2.2584
3.6500,-2.3084,-2.3084
3.6830,-2.3584,-2.3584
3.7940,-2.4584,-2.4584
3.8320,-2.5584,-2.5584
3.9040,-2.6584,-2.6584
3.9370,-2.7084,-2.7084
3.9700,-2.7584,-2.7584
4.0750,-2.8584,-2.8584
4.1150,-2.9584,-2.9584
4.1800,-3.0584,-3.0584
4.2130,-3.1084,-3.1084
4.2460,-3.1584,-3.1584
4.3200,-3.2584,-3.2584
4.3600,-3.3084,-3.3084
4.3930,-3.3584,-3.3584
4.4560,-3.4584,-3.4584
4.4900,-3.5084,-3.5084
4.5220,-3.5584,-3.5584
4.5870,-3.6584,-3.6584
4.6550,-3.7084,-3.7084
4.7280,-3.8584,-3.8584
4.8010,-3.9084,-3.9084
4.8780,-4.0584,-4.0584
4.9090,-4.1084,-4.1084
4.9420,-4.1584,-4.1584
5.0070,-4.2584,-4.2584
5.0400,-4.3084,-4.3084
5.0730,-4.3584,-4.3584
5.1380,-4.4584,-4.4584
5.1700,-4.5084,-4.5084
5.2360,-4.5584,-4.5584
5.3080,-4.6584,-4.6584
5.3870,-4.7584,-4.7584
5.4180,-4.8584,-4.8584
5.4510,-4.9084,-4.9084
5.5170,-4.9584,-4.9584
5.5500,-5.0584,-5.0584
5.5830,-5.1084,-5.1084
5.6480,-5.2084,-5.2084
5.7500,-5.3084,-5.3084
5.7870,-5.4084,-5.4084
5.8300,-5.4584,-5.4584
5.9000,-5.5084,-5.5084
5.9690,-5.6584,-5.6584
6.0010,-5.7084,-5.7084
6.0670,-5.8084,-5.8084
6.1320,-5.8584,-5.8584
6.1650,-5.9584,-5.9584
6.1980,-6.0084,-6.0084
6.2640,-6.1084,-6.1084
6.2970,-6.1584,-6.1584
6.3390,-6.2084,-6.2084
6.4100,-6.3084,-6.3084
6.4410,-6.3584,-6.3584
6.4740,-6.4084,-6.4084
6.5390,-6.5084,-6.5084
6.5720,-6.5584,-6.5584
6.6040,-6.6084,-6.6084
6.6700,-6.7084,-6.7084
6.7030,-6.7584,-6.7584
6.7680,-6.8084,-6.8084
6.8450,-6.9084,-6.9084
6.8830,-7.0084,-7.0084
6.9500,-7.1084,-7.1084
6.9820,-7.1584,-7.1584
7.0150,-7.2084,-7.2084
7.0790,-7.3084,-7.3084
7.1450,-7.3584,-7.3584
7.1780,-7.4584,-7.4584
7.2430,-7.5584,-7.5584
7.2760,-7.6084,-7.6084
7.3090,-7.6584,-7.6584
7.3810,-7.7584,-7.7584
7.4140,-7.8084,-7.8084
7.4550,-7.8584,-7.8584
7.5190,-7.9584,-7.9584
7.5550,-8.0084,-8.0084
7.5910,-8.0584,-8.0584
7.6640,-8.1084,-8.1084
7.7000,-8.2084,-8.2084
7.7400,-8.2584,-8.2584
7.7740,-8.3084,-8.3084
7.8070,-8.3584,-8.3584
7.9210,-8.4584,-8.4584
7.9580,-8.5584,-8.5584
7.9920,-8.6084,-8.6084
8.0580,-8.7084,-8.7084
8.0900,-8.7584,-8.7584
8.1550,-8.8584,-8.8584
8.2210,-8.9084,-8.9084
8.2540,-9.0084,-9.0084
8.2860,-9.0584,-9.0584
8.3520,-9.1584,-9.1584
8.3930,-9.2084,-9.2084
8.4240,-9.2584,-9.2584
8.4970,-9.3084,-9.3084
8.5280,-9.4084,-9.4084
8.5610,-9.4584,-9.4584
8.6260,-9.5584,-9.5584
8.6590,-9.6084,-9.6084
8.6920,-9.6584,-9.6584
8.7570,-9.7584,-9.7584
8.7900,-9.8084,-9.8084
8.8230,-9.8584,-9.8584
8.8970,-9.9584,-9.9584
8.9280,-10.0084,-10.0084
9.0040,-10.0584,-10.0584
9.0420,-10.1584,-10.1584
9.0750,-10.2084,-10.2084
9.1080,-10.2584,-10.2584
9.1730,-10.3584,-10.3584
9.2060,-10.4084,-10.4084
9.2400,-10.4584,-10.4584
9.3040,-10.5584,-10.5584
9.3370,-10.6084,-10.6084
9.4100,-10.6584,-10.6584
9.4470,-10.7584,-10.7584
9.4880,-10.8084,-10.8084
9.5200,-10.8584,-10.8584
9.5850,-10.9584,-10.9584
9.6180,-11.0084,-11.0084
9.6840,-11.1084,-11.1084
9.7490,-11.1584,-11.1584
9.7810,-11.2084,-11.2084
9.8150,-11.3084,-11.3084
9.9190,-11.4084,-11.4084
9.9560,-11.5084,-11.5084
9.9970,-11.5584,-11.5584
10.0610,-11.6084,-11.6084
10.1310,-11.7084,-11.7084
10.1690,-11.8084,-11.8084
10.2360,-11.9084,-11.9084
10.3000,-11.9584,-11.9584
10.3330,-12.0584,-12.0584
10.3660,-12.1084,-12.1084
10.4400,-12.2084,-12.2084
10.5100,-12.2584,-12.2584
10.5800,-12.3584,-12.3584
10.6130,-12.4084,-12.4084
10.6450,-12.5084,-12.5084
10.7110,-12.6084,-12.6084
10.7430,-12.6584,-12.6584
10.7760,-12.7084,-12.7084
10.8420,-12.8084,-12.8084
10.8760,-12.8584,-12.8584
10.9070,-12.9084,-12.9084
10.9800,-13.0084,-13.0084
11.0210,-13.0584,-13.0584
11.0530,-13.1084,-13.1084
11.1170,-13.2084,-13.2084
11.1500,-13.2584,-13.2584
11.2180,-13.3084,-13.3084
11.2550,-13.4084,-13.4084
11.2880,-13.4584,-13.4584
11.3220,-13.5084,-13.5084
11.3870,-13.6084,-13.6084
11.4200,-13.6584,-13.6584
11.4610,-13.7084,-13.7084
11.5260,-13.8084,-13.8084
11.5660,-13.8584,-13.8584
11.5980,-13.9084,-13.9084
11.6630,-14.0084,-14.0084
11.6950,-14.0584,-14.0584
11.7600,-14.1084,-14.1084
11.7930,-14.2084,-14.2084
11.8260,-14.2584,-14.2584
11.8910,-14.3584,-14.3584
11.9690,-14.4584,-14.4584
12.0310,-14.5584,-14.5584
12.0720,-14.6084,-14.6084
12.1360,-14.6584,-14.6584
12.1680,-14.7584,-14.7584
12.2690,-14.8584,-14.8584
12.3060,-14.9584,-14.9584
12.3720,-15.0584,-15.0584
12.4050,-15.1085,-15.1084
12.4780,-15.1585,-15.1584
12.5150,-15.2585,-15.2584
12.5560,-15.3085,-15.3084
12.5870,-15.3585,-15.3584
12.6530,-15.4585,-15.4584
12.6850,-15.5085,-15.5084
12.7180,-15.5585,-15.5584
12.7820,-15.6585,-15.6584
12.8150,-15.7085,-15.7084
12.8480,-15.7585,-15.7584
12.9140,-15.8585,-15.8584
12.9860,-15.9085,-15.9084
13.0620,-16.0585,-16.0584
13.0940,-16.1085,-16.1084
13.1260,-16.1585,-16.1584
13.1910,-16.2584,-16.2584
13.2250,-16.3084,-16.3084
13.2570,-16.3584,-16.3584
13.3580,-16.4584,-16.4584
13.3950,-16.5584,-16.5584
13.5010,-16.6584,-16.6584
13.5370,-16.7584,-16.7584
13.6080,-16.8584,-16.8584
13.6410,-16.9084,-16.9084
13.6740,-16.9584,-16.9584
13.7390,-17.0584,-17.0584
13.7720,-17.1084,-17.1084
13.8370,-17.2084,-17.2084
13.9030,-17.2584,-17.2584
13.9350,-17.3584,-17.3584
14.0080,-17.4084,-17.4084
14.0450,-17.4584,-17.4584
14.0930,-17.5584,-17.5584
14.1190,-17.6084,-17.6084
14.1840,-17.7084,-17.7084
14.2160,-17.7584,-17.7584
14.2490,-17.8084,-17.8084
14.3160,-17.9084,-17.9084
14.3470,-17.9584,-17.9584
14.3800,-18.0084,-18.0084
14.4490,-18.0584,-18.0584
14.4870,-18.1584,-18.1584
14.5290,-18.2084,-18.2084
14.5990,-18.2584,-18.2584
14.6350,-18.3084,-18.3084
14.6680,-18.4084,-18.4084
14.7330,-18.5084,-18.5084
14.7660,-18.5584,-18.5584
14.7980,-18.6084,-18.6084
14.8640,-18.7084,-18.7084
14.8970,-18.7584,-18.7584
14.9290,-18.8084,-18.8084
14.9950,-18.9084,-18.9084
15.0280,-18.9584,-18.9584
15.0700,-19.0084,-19.0084
15.1430,-19.1084,-19.1084
15.1740,-19.1584,-19.1584
15.2070,-19.2084,-19.2084
15.2720,-19.3084,-19.3084
15.3050,-19.3584,-19.3584
15.3390,-19.4084,-19.4084
15.4030,-19.5084,-19.5084
15.4350,-19.5584,-19.5584
15.5440,-19.6584,-19.6584
15.5810,-19.7584,-19.7584
15.6150,-19.8084,-19.8084
15.6870,-19.9084,-19.9084
15.7190,-19.9584,-19.9584
15.7520,-20.0084,-20.0084
15.8170,-20.1084,-20.1084
15.8500,-20.1584,-20.1584
15.9150,-20.2584,-20.2584
15.9800,-20.3084,-20.3084
16.0140,-20.4084,-20.4084
16.0860,-20.4584,-20.4584
16.1630,-20.5584,-20.5584
16.1940,-20.6084,-20.6084
16.2600,-20.7084,-20.7084
16.2930,-20.7584,-20.7584
16.3250,-20.8584,-20.8584
16.3900,-20.9584,-20.9584
16.4230,-21.0084,-21.0084
16.4560,-21.0584,-21.0584
16.5210,-21.1584,-21.1584
16.5930,-21.2084,-21.2084
16.6400,-21.2584,-21.2584
16.6790,-21.3584,-21.3584
16.7450,-21.4584,-21.4584
16.8100,-21.5084,-21.5084
16.8430,-21.5584,-21.5584
16.8750,-21.6584,-21.6584
16.9410,-21.7584,-21.7584
16.9740,-21.8084,-21.8084
17.0070,-21.8584,-21.8584
17.0810,-21.9084,-21.9084
17.1220,-22.0084,-22.0084
17.1920,-22.0584,-22.0584
17.2610,-22.1584,-22.1584
17.2940,-22.2584,-22.2584
17.3590,-22.3084,-22.3084
17.3910,-22.4084,-22.4084
17.4240,-22.4584,-22.4584
17.4890,-22.5584,-22.5584
17.5230,-22.6084,-22.6084
17.5590,-22.6584,-22.6584
17.6350,-22.7583,-22.7584
17.6720,-22.8083,-22.8084
17.7140,-22.8583,-22.8584
17.7890,-22.9083,-22.9084
17.8290,-23.0083,-23.0084
17.8950,-23.1083,-23.1084
17.9270,-23.1583,-23.1584
17.9600,-23.2083,-23.2084
18.0260,-23.3083,-23.3084
18.0590,-23.3583,-23.3584
18.1340,-23.4583,-23.4584
18.1650,-23.5083,-23.5084
18.2060,-23.5583,-23.5584
18.2370,-23.6083,-23.6084
18.3030,-23.7083,-23.7084
18.3360,-23.7583,-23.7584
18.4010,-23.8083,-23.8084
18.4340,-23.9083,-23.9084
18.4990,-24.0083,-24.0084
18.5320,-24.0583,-24.0584
18.5980,-24.1583,-24.1584
18.6400,-24.2083,-24.2084
18.6710,-24.2583,-24.2584
18.7130,-24.3083,-24.3084
18.7770,-24.3583,-24.3584
18.8460,-24.4583,-24.4584
18.8500,-24.5083,-24.5084
18.9170,-24.5583,-24.5584
18.9500,-24.6583,-24.6584
19.0160,-24.7583,-24.7584
19.0570,-24.8083,-24.8084
19.0890,-24.8583,-24.8584
19.1320,-24.9083,-24.9084
19.2010,-24.9583,-24.9584
19.2700,-25.1083,-25.1084
19.3030,-25.1583,-25.1584
19.3680,-25.2583,-25.2584
19.4340,-25.3083,-25.3084
19.4660,-25.4083,-25.4084
19.4990,-25.4583,-25.4584
19.5640,-25.5583,-25.5584
19.5970,-25.6083,-25.6084
19.6300,-25.6583,-25.6584
19.7040,-25.7583,-25.7584
19.7360,-25.8083,-25.8084
19.7690,-25.8583,-25.8584
19.8340,-25.9583,-25.9584
19.9030,-26.0083,-26.0084
19.9740,-26.1583,-26.1584
20.0070,-26.2083,-26.2084
20.0390,-26.2583,-26.2584
20.1070,-26.3583,-26.3584
20.1780,-26.4083,-26.4084
20.2560,-26.5583,-26.5584
20.2880,-26.6083,-26.6084
20.3200,-26.6583,-26.6584
20.3850,-26.7583,-26.7584
20.4180,-26.8083,-26.8084
20.4830,-26.8583,-26.8584
20.5160,-26.9583,-26.9584
20.5810,-27.0083,-27.0084
20.6150,-27.1083,-27.1084
20.6860,-27.1583,-27.1584
20.7220,-27.2083,-27.2084
20.7630,-27.3083,-27.3084
20.8260,-27.3583,-27.3584
20.8590,-27.4583,-27.4584
20.8910,-27.5083,-27.5084
20.9620,-27.5583,-27.5584
21.0000,-27.6083,-27.6084
21.0330,-27.7083,-27.7084
21.1000,-27.8083,-27.8084
21.1330,-27.8583,-27.8584
21.1650,-27.9083,-27.9084
21.2770,-28.0083,-28.0084
21.3210,-28.1083,-28.1084
21.3780,-28.1583,-28.1584
21.4110,-28.2583,-28.2584
21.4440,-28.3083,-28.3084
21.5100,-28.4083,-28.4084
21.5420,-28.4583,-28.4584
21.5750,-28.5083,-28.5084
21.6400,-28.6083,-28.6084
21.6740,-28.6583,-28.6584
21.7150,-28.7083,-28.7084
21.7880,-28.8083,-28.8084
21.8190,-28.8583,-28.8584
21.8510,-28.9083,-28.9084
21.9170,-29.0083,-29.0084
21.9500,-29.0583,-29.0584
22.0180,-29.1083,-29.1084
22.0560,-29.2083,-29.2084
22.0890,-29.2583,-29.2584
22.1220,-29.3082,-29.3084
22.1960,-29.4082,-29.4084
22.2270,-29.4582,-29.4584
22.2680,-29.5082,-29.5084
22.3320,-29.6082,-29.6084
22.3650,-29.6582,-29.6584
22.3970,-29.7082,-29.7084
22.4630,-29.8082,-29.8084
22.4960,-29.8582,-29.8584
22.5280,-29.9082,-29.9084
22.5940,-30.0082,-30.0084
22.6270,-30.0582,-30.0584
22.7320,-30.1582,-30.1584
22.7710,-30.2582,-30.2584
22.8120,-30.3082,-30.3084
22.8760,-30.4082,-30.4084
22.9090,-30.4582,-30.4584
22.9750,-30.5082,-30.5084
23.0080,-30.6082,-30.6084
23.0400,-30.6582,-30.6584
23.1090,-30.7082,-30.7084
23.1470,-30.8082,-30.8084
23.2540,-30.9082,-30.9084
23.2900,-31.0082,-31.0084
23.3340,-31.0582,-31.0584
23.3650,-31.1082,-31.1084
23.4300,-31.2082,-31.2084
23.4650,-31.2582,-31.2584
23.4960,-31.3082,-31.3084
23.5610,-31.4082,-31.4084
23.5940,-31.4582,-31.4584
23.6590,-31.5582,-31.5584
23.7650,-31.6582,-31.6584
23.8020,-31.7582,-31.7584
23.8450,-31.8082,-31.8084
23.8740,-31.8582,-31.8584
23.9390,-31.9582,-31.9584
24.0050,-32.0582,-32.0584
24.0370,-32.1082,-32.1084
24.0700,-32.1582,-32.1584
24.1350,-32.2582,-32.2584
24.2050,-32.3082,-32.3084
24.2810,-32.4582,-32.4584
24.3530,-32.5082,-32.5084
24.4220,-32.6582,-32.6584
24.4540,-32.7082,-32.7084
24.4870,-32.7582,-32.7584
24.5530,-32.8582,-32.8584
24.5850,-32.9082,-32.9084
24.6180,-32.9582,-32.9584
24.6830,-33.0582,-33.0584
24.7160,-33.1082,-33.1084
24.7490,-33.1582,-33.1584
24.8200,-33.2582,-33.2584
24.8600,-33.3082,-33.3084
24.8920,-33.3582,-33.3584
24.9570,-33.4582,-33.4584
24.9890,-33.5082,-33.5084
25.0550,-33.5582,-33.5584
25.0870,-33.6582,-33.6584
25.1530,-33.7082,-33.7084
25.1850,-33.8082,-33.8084
25.2960,-33.9082,-33.9084
25.3330,-34.0082,-34.0084
25.3740,-34.0582,-34.0584
25.4050,-34.1082,-34.1084
25.4710,-34.2082,-34.2084
25.5360,-34.2582,-34.2584
25.5690,-34.3582,-34.3584
25.6010,-34.4082,-34.4084
25.6670,-34.5082,-34.5084
25.6990,-34.5582,-34.5584
25.7320,-34.6082,-34.6084
25.8060,-34.7082,-34.7084
25.8370,-34.7582,-34.7584
25.8780,-34.8082,-34.8084
25.9410,-34.9082,-34.9084
25.9740,-34.9582,-34.9584
26.0060,-35.0082,-35.0084
26.0720,-35.1082,-35.1084
26.1050,-35.1582,-35.1584
26.1380,-35.2082,-35.2084
26.2030,-35.3082,-35.3084
26.2690,-35.3582,-35.3584
26.3090,-35.4582,-35.4584
26.3850,-35.5082,-35.5084
26.4220,-35.6082,-35.6084
26.4880,-35.7082,-35.7084
26.5210,-35.7582,-35.7584
26.5540,-35.8082,-35.8084
26.6190,-35.9082,-35.9084
26.6520,-35.9582,-35.9584
26.6850,-36.0081,-36.0084
26.7500,-36.1081,-36.1084
26.8240,-36.2081,-36.2084
26.8960,-36.3081,-36.3084
26.9280,-36.3581,-36.3584
26.9600,-36.4081,-36.4084
27.0260,-36.5081,-36.5084
27.0590,-36.5581,-36.5584
27.1240,-36.6581,-36.6584
27.1900,-36.7581,-36.7584
27.2220,-36.8081,-36.8084
27.2560,-36.8581,-36.8584
27.3300,-36.9581,-36.9584
27.4020,-37.0581,-37.0584
27.4680,-37.1081,-37.1084
27.5440,-37.2581,-37.2584
27.5800,-37.3081,-37.3084
27.6160,-37.3581,-37.3584
27.6550,-37.4081,-37.4084
27.7270,-37.5081,-37.5084
27.7630,-37.5581,-37.5584
27.8350,-37.6081,-37.6084
27.8720,-37.7081,-37.7084
27.9120,-37.7581,-37.7584
27.9430,-37.8081,-37.8084
28.0090,-37.9081,-37.9084
28.0410,-37.9581,-37.9584
28.0740,-38.0081,-38.0084
28.1390,-38.1081,-38.1084
28.1720,-38.1581,-38.1584
28.2050,-38.2081,-38.2084
28.2700,-38.3081,-38.3084
28.3370,-38.3581,-38.3584
28.3770,-38.4581,-38.4584
28.4470,-38.5081,-38.5084
28.5520,-38.6581,-38.6584
28.5960,-38.7581,-38.7584
28.6290,-38.8081,-38.8084
28.6950,-38.9081,-38.9084
28.7270,-38.9581,-38.9584
28.7600,-39.0081,-39.0084
28.8260,-39.1081,-39.1084
28.8670,-39.1581,-39.1584
28.8990,-39.2081,-39.2084
28.9710,-39.3081,-39.3084
29.0030,-39.3581,-39.3584
29.0680,-39.4081,-39.4084
29.1010,-39.5081,-39.5084
29.1340,-39.5581,-39.5584
29.1980,-39.6581,-39.6584
29.2640,-39.7581,-39.7584
29.2960,-39.8081,-39.8084
29.3290,-39.8581,-39.8584
29.4040,-39.9581,-39.9584
29.4340,-40.0081,-40.0084
29.4760,-40.0581,-40.0584
29.5400,-40.1581,-40.1584
29.5730,-40.2081,-40.2084
29.6050,-40.2581,-40.2584
29.6700,-40.3581,-40.3584
29.7030,-40.4081,-40.4084
29.7350,-40.4581,-40.4584
29.8370,-40.5581,-40.5584
29.9130,-40.6581,-40.6584
29.9490,-40.7581,-40.7584
29.9890,-40.8081,-40.8084
30.0210,-40.8581,-40.8584
30.0860,-40.9581,-40.9584
30.1190,-41.0081,-41.0084
30.1510,-41.0581,-41.0584
30.2170,-41.1581,-41.1584
30.2500,-41.2081,-41.2084
30.2820,-41.2581,-41.2584
30.3470,-41.3581,-41.3584
30.4200,-41.4081,-41.4084
30.4960,-41.5581,-41.5584
30.5270,-41.6081,-41.6084
30.5600,-41.6581,-41.6584
30.6260,-41.7581,-41.7584
30.6570,-41.8081,-41.8084
30.6900,-41.8581,-41.8584
30.7560,-41.9581,-41.9584
30.8210,-42.0081,-42.0084
30.8540,-42.1081,-42.1084
30.9320,-42.1581,-42.1584
31.0100,-42.2581,-42.2584
31.0410,-42.3581,-42.3584
31.0740,-42.4081,-42.4084
31.1070,-42.4581,-42.4584
31.1730,-42.5580,-42.5584
31.2050,-42.6080,-42.6084
31.2710,-42.7080,-42.7084
31.3360,-42.7580,-42.7584
31.3690,-42.8580,-42.8584
31.4030,-42.9080,-42.9084
31.4440,-42.9580,-42.9584
31.5150,-43.0080,-43.0084
31.5460,-43.1080,-43.1084
31.6120,-43.1580,-43.1584
31.6450,-43.2080,-43.2084
31.6780,-43.3080,-43.3084
31.7430,-43.4080,-43.4084
31.8120,-43.4580,-43.4584
31.8820,-43.6080,-43.6084
31.9550,-43.6580,-43.6584
32.0320,-43.8080,-43.8084
32.0960,-43.9080,-43.9084
32.1620,-43.9580,-43.9584
32.1940,-44.0580,-44.0584
32.2260,-44.1080,-44.1084
32.2920,-44.2080,-44.2084
32.3250,-44.2580,-44.2584
32.3570,-44.3080,-44.3084
32.4620,-44.4080,-44.4084
32.4970,-44.5080,-44.5084
32.5630,-44.6080,-44.6084
32.5960,-44.6580,-44.6584
32.6610,-44.7080,-44.7084
32.6930,-44.8080,-44.8084
32.7260,-44.8580,-44.8584
32.7920,-44.9580,-44.9584
32.8930,-45.0580,-45.0584
32.9300,-45.1580,-45.1584
32.9700,-45.2080,-45.2084
33.0370,-45.2580,-45.2584
33.0770,-45.3580,-45.3584
33.1410,-45.4580,-45.4584
33.2060,-45.5580,-45.5584
33.2720,-45.6580,-45.6584
33.3050,-45.7080,-45.7084
33.3370,-45.7580,-45.7584
33.4030,-45.8580,-45.8584
33.4360,-45.9080,-45.9084
33.4770,-45.9580,-45.9584
33.5490,-46.0580,-46.0584
33.5800,-46.1080,-46.1084
33.6120,-46.1580,-46.1584
33.6780,-46.2580,-46.2584
33.7100,-46.3080,-46.3084
33.7430,-46.3580,-46.3584
33.8080,-46.4580,-46.4584
33.8410,-46.5080,-46.5084
33.8740,-46.5580,-46.5584
33.9830,-46.6580,-46.6584
34.0200,-46.7580,-46.7584
34.0920,-46.8580,-46.8584
34.1250,-46.9080,-46.9084
34.1580,-46.9580,-46.9584
34.2230,-47.0580,-47.0584
34.2550,-47.1080,-47.1084
34.3200,-47.1580,-47.1584
34.3860,-47.2580,-47.2584
34.4190,-47.3080,-47.3084
34.4520,-47.4080,-47.4084
34.4930,-47.4580,-47.4584
34.5640,-47.5080,-47.5084
34.5960,-47.6080,-47.6084
34.6600,-47.7080,-47.7084
34.6930,-47.7580,-47.7584
34.7260,-47.8080,-47.8084
34.7910,-47.9080,-47.9084
34.8240,-47.9580,-47.9584
34.8570,-48.0080,-48.0084
34.9220,-48.1080,-48.1084
34.9560,-48.1580,-48.1584
35.0270,-48.2080,-48.2084
35.0730,-48.2580,-48.2584
35.1110,-48.3580,-48.3584
35.1440,-48.4080,-48.4084
35.2090,-48.5080,-48.5084
35.2420,-48.5580,-48.5584
35.2750,-48.6080,-48.6084
35.3400,-48.7080,-48.7084
35.3730,-48.7580,-48.7584
35.4060,-48.8080,-48.8084
35.4720,-48.9080,-48.9084
35.5130,-48.9580,-48.9584
35.5440,-49.0080,-49.0084
35.6150,-49.1079,-49.1084
35.6480,-49.1579,-49.1584
35.6810,-49.2079,-49.2084
35.7460,-49.3079,-49.3084
35.7790,-49.3579,-49.3584
35.8120,-49.4079,-49.4084
35.8770,-49.5079,-49.5084
35.9090,-49.5579,-49.5584
35.9760,-49.6579,-49.6584
36.0480,-49.7079,-49.7084
36.1250,-49.8079,-49.8084
36.1920,-49.9079,-49.9084
36.2300,-50.0079,-50.0084
36.2960,-50.1079,-50.1084
36.3290,-50.1579,-50.1584
36.3940,-50.2079,-50.2084
36.4270,-50.3079,-50.3084
36.4930,-50.3579,-50.3584
36.5260,-50.4579,-50.4584
36.6370,-50.5579,-50.5584
36.6740,-50.6079,-50.6084
36.7390,-50.7079,-50.7084
36.7720,-50.7579,-50.7584
36.8050,-50.8579,-50.8584
36.8700,-50.9579,-50.9584
36.9030,-51.0079,-51.0084
36.9350,-51.0579,-51.0584
37.0010,-51.1579,-51.1584
37.0350,-51.2079,-51.2084
37.0750,-51.2579,-51.2584
37.1470,-51.3579,-51.3584
37.1790,-51.4079,-51.4084
37.2110,-51.4579,-51.4584
37.2800,-51.5079,-51.5084
37.3170,-51.6079,-51.6084
37.3500,-51.6579,-51.6584
37.4160,-51.7579,-51.7584
37.4490,-51.8079,-51.8084
37.4820,-51.8579,-51.8584
37.5520,-51.9579,-51.9584
37.5930,-52.0079,-52.0084
37.6680,-52.0579,-52.0584
37.7080,-52.1579,-52.1584
37.7790,-52.2079,-52.2084
37.8120,-52.3079,-52.3084
37.8450,-52.3579,-52.3584
37.9090,-52.4579,-52.4584
37.9760,-52.5579,-52.5584
38.0080,-52.6079,-52.6084
38.0490,-52.6579,-52.6584
38.1190,-52.7079,-52.7084
38.1550,-52.8079,-52.8084
38.1950,-52.8579,-52.8584
38.2590,-52.9579,-52.9584
38.2920,-53.0079,-53.0084
38.3250,-53.0579,-53.0584
38.3920,-53.1079,-53.1084
38.4290,-53.2079,-53.2084
38.4630,-53.2579,-53.2584
38.5280,-53.3579,-53.3584
38.6010,-53.4079,-53.4084
38.6770,-53.5579,-53.5584
38.7410,-53.6579,-53.6584
38.8070,-53.7579,-53.7584
38.8390,-53.8079,-53.8084
38.8720,-53.8579,-53.8584
38.9370,-53.9579,-53.9584
38.9700,-54.0079,-54.0084
39.0360,-54.0579,-54.0584
39.0770,-54.1579,-54.1584
39.1080,-54.2079,-54.2084
39.1480,-54.2579,-54.2584
39.2180,-54.3079,-54.3084
39.2540,-54.4079,-54.4084
39.2870,-54.4579,-54.4584
39.3520,-54.5579,-54.5584
39.3850,-54.6079,-54.6084
39.4180,-54.6579,-54.6584
39.4870,-54.7079,-54.7084
39.5250,-54.8079,-54.8084
39.5580,-54.8579,-54.8584
39.6340,-54.9579,-54.9584
39.6640,-55.0079,-55.0084
39.7050,-55.0579,-55.0584
39.7690,-55.1579,-55.1584
39.8020,-55.2079,-55.2084
39.8350,-55.2579,-55.2584
39.9000,-55.3579,-55.3584
39.9330,-55.4079,-55.4084
39.9990,-55.4579,-55.4584
40.0320,-55.5579,-55.5584
40.0650,-55.6079,-55.6084
40.1380,-55.7078,-55.7084
40.1700,-55.7578,-55.7584
40.2100,-55.8078,-55.8084
40.2740,-55.8578,-55.8584
40.3070,-55.9578,-55.9584
40.3390,-56.0078,-56.0084
40.4060,-56.1078,-56.1084
40.4700,-56.2078,-56.2084
40.5040,-56.2578,-56.2584
40.5730,-56.3078,-56.3084
40.6500,-56.4078,-56.4084
40.6860,-56.5078,-56.5084
40.7260,-56.5578,-56.5584
40.7580,-56.6078,-56.6084
40.8240,-56.7078,-56.7084
40.8890,-56.7578,-56.7584
40.9210,-56.8078,-56.8084
40.9540,-56.9078,-56.9084
41.0190,-57.0078,-57.0084
41.0520,-57.0578,-57.0584
41.0860,-57.1078,-57.1084
41.1570,-57.1578,-57.1584
41.1930,-57.2578,-57.2584
41.2650,-57.3078,-57.3084
41.3000,-57.3578,-57.3584
41.3330,-57.4578,-57.4584
41.3660,-57.5078,-57.5084
41.4310,-57.6078,-57.6084
41.4640,-57.6578,-57.6584
41.4970,-57.7078,-57.7084
41.5610,-57.8078,-57.8084
41.5950,-57.8578,-57.8584
41.6710,-57.9078,-57.9084
41.7470,-58.0078,-58.0084
41.7830,-58.1078,-58.1084
41.8480,-58.2078,-58.2084
41.8810,-58.2578,-58.2584
41.9140,-58.3078,-58.3084
41.9790,-58.4078,-58.4084
42.0110,-58.4578,-58.4584
42.0440,-58.5078,-58.5084
42.1090,-58.6078,-58.6084
42.1420,-58.6578,-58.6584
42.1830,-58.7078,-58.7084
42.2540,-58.8078,-58.8084
42.2850,-58.8578,-58.8584
42.3180,-58.9078,-58.9084
42.3830,-59.0078,-59.0084
42.4160,-59.0578,-59.0584
42.4810,-59.1578,-59.1584
42.5460,-59.2078,-59.2084
42.5790,-59.3078,-59.3084
42.6110,-59.3578,-59.3584
42.7170,-59.4578,-59.4584
42.7620,-59.5078,-59.5084
42.7980,-59.6078,-59.6084
42.8320,-59.6578,-59.6584
42.8970,-59.7578,-59.7584
42.9620,-59.8078,-59.8084
42.9960,-59.9078,-59.9084
43.0380,-59.9578,-59.9584
43.1010,-60.0078,-60.0084
43.1410,-60.1078,-60.1084
43.2070,-60.1578,-60.1584
43.2440,-60.2578,-60.2584
43.2850,-60.3078,-60.3084
43.3490,-60.4078,-60.4084
43.4140,-60.4578,-60.4584
43.4460,-60.5578,-60.5584
43.5120,-60.6578,-60.6584
43.5450,-60.7078,-60.7084
43.5770,-60.7578,-60.7584
43.6430,-60.8578,-60.8584
43.7150,-60.9078,-60.9084
43.7910,-61.0578,-61.0584
43.8590,-61.1078,-61.1084
43.9290,-61.2578,-61.2584
43.9620,-61.3078,-61.3084
43.9950,-61.3578,-61.3584
44.0600,-61.4578,-61.4584
44.0930,-61.5078,-61.5084
44.1260,-61.5578,-61.5584
44.1920,-61.6578,-61.6584
44.2340,-61.7078,-61.7084
44.3030,-61.7578,-61.7584
44.3390,-61.8578,-61.8584
44.3720,-61.9078,-61.9084
44.4050,-61.9578,-61.9584
44.4700,-62.0578,-62.0584
44.5030,-62.1078,-62.1084
44.5360,-62.1578,-62.1584
44.6010,-62.2577,-62.2584
44.6340,-62.3077,-62.3084
44.7000,-62.4077,-62.4084
44.7420,-62.4577,-62.4584
44.7730,-62.5077,-62.5084
44.8160,-62.5577,-62.5584
44.8790,-62.6577,-62.6584
44.9480,-62.7077,-62.7084
45.0170,-62.8577,-62.8584
45.0510,-62.9077,-62.9084
45.1160,-62.9577,-62.9584
45.1820,-63.0577,-63.0584
45.2150,-63.1077,-63.1084
45.2550,-63.2077,-63.2084
45.2870,-63.2577,-63.2584
45.3520,-63.3077,-63.3084
45.3850,-63.4077,-63.4084
45.4500,-63.5077,-63.5084
45.4820,-63.5577,-63.5584
45.5150,-63.6077,-63.6084
45.5800,-63.7077,-63.7084
45.6130,-63.7577,-63.7584
45.6460,-63.8077,-63.8084
45.7110,-63.9077,-63.9084
45.7450,-63.9577,-63.9584
45.7850,-64.0077,-64.0084
45.8570,-64.1077,-64.1084
45.8890,-64.1577,-64.1584
45.9210,-64.2077,-64.2084
46.0230,-64.3077,-64.3084
46.0600,-64.4078,-64.4084
46.1260,-64.5078,-64.5084
46.1590,-64.5578,-64.5584
46.1920,-64.6078,-64.6084
46.2960,-64.7078,-64.7084
46.3320,-64.8078,-64.8084
46.4030,-64.9078,-64.9084
46.4360,-64.9578,-64.9584
46.4680,-65.0078,-65.0084
46.5340,-65.1078,-65.1084
46.5670,-65.1578,-65.1584
46.6320,-65.2578,-65.2584
46.6970,-65.3078,-65.3084
46.7300,-65.4078,-65.4084
46.8020,-65.4578,-65.4584
46.8380,-65.5078,-65.5084
46.8780,-65.5578,-65.5584
46.9090,-65.6578,-65.6584
46.9750,-65.7078,-65.7084
47.0070,-65.8078,-65.8084
47.0760,-65.8578,-65.8584
47.1130,-65.9578,-65.9584
47.1460,-66.0078,-66.0084
47.1790,-66.0579,-66.0584
47.2450,-66.1579,-66.1584
47.2770,-66.2079,-66.2084
47.3180,-66.2579,-66.2584
47.3890,-66.3079,-66.3084
47.4570,-66.4579,-66.4584
47.5230,-66.5579,-66.5584
47.5600,-66.6079,-66.6084
47.5970,-66.6579,-66.6584
47.6330,-66.7079,-66.7084
47.6710,-66.7579,-66.7584
47.7440,-66.8079,-66.8084
47.8170,-66.9079,-66.9084
47.8540,-67.0079,-67.0084
47.9250,-67.1079,-67.1084
47.9580,-67.1579,-67.1584
47.9910,-67.2079,-67.2084
48.0630,-67.2579,-67.2584
48.0980,-67.3579,-67.3584
48.1310,-67.4079,-67.4084
48.1960,-67.5079,-67.5084
48.2290,-67.5579,-67.5584
48.3390,-67.6579,-67.6584
48.4160,-67.7580,-67.7584
48.4850,-67.9080,-67.9084
48.5170,-67.9580,-67.9584
48.5500,-68.0080,-68.0084
48.6160,-68.1080,-68.1084
48.6480,-68.1580,-68.1584
48.6810,-68.2080,-68.2084
48.7460,-68.3080,-68.3084
48.7790,-68.3580,-68.3584
48.8530,-68.4080,-68.4084
48.8850,-68.5080,-68.5084
48.9250,-68.5580,-68.5584
48.9570,-68.6080,-68.6084
49.0220,-68.7080,-68.7084
49.0550,-68.7580,-68.7584
49.1200,-68.8580,-68.8584
49.1850,-68.9080,-68.9084
49.2180,-69.0080,-69.0084
49.2510,-69.0580,-69.0584
49.3170,-69.1580,-69.1584
49.3580,-69.2080,-69.2084
49.4340,-69.2580,-69.2584
49.4380,-69.3080,-69.3084
49.5050,-69.3581,-69.3584
49.5380,-69.4581,-69.4584
49.6040,-69.5581,-69.5584
49.6360,-69.6081,-69.6084
49.6680,-69.6581,-69.6584
49.7350,-69.7581,-69.7584
49.7670,-69.8081,-69.8084
49.8000,-69.8581,-69.8584
49.8720,-69.9581,-69.9584
49.9050,-70.0081,-70.0084
49.9460,-70.0581,-70.0584
50.0090,-70.1581,-70.1584
50.0750,-70.2081,-70.2084
50.1080,-70.3081,-70.3084
50.1730,-70.4081,-70.4084
50.2060,-70.4581,-70.4584
50.2390,-70.5081,-70.5084
50.3040,-70.6081,-70.6084
50.3760,-70.6581,-70.6584
50.4540,-70.8081,-70.8084
50.5220,-70.8581,-70.8584
50.5920,-71.0082,-71.0084
50.6260,-71.0582,-71.0584
50.6910,-71.1082,-71.1084
50.7240,-71.2082,-71.2084
50.7890,-71.2582,-71.2584
50.8220,-71.3582,-71.3584
50.8950,-71.4582,-71.4584
50.9650,-71.5082,-71.5084
51.0340,-71.6582,-71.6584
51.0660,-71.7082,-71.7084
51.0990,-71.7582,-71.7584
51.1650,-71.8582,-71.8584
51.1970,-71.9082,-71.9084
51.2290,-71.9582,-71.9584
51.2950,-72.0582,-72.0584
51.3280,-72.1082,-72.1084
51.4010,-72.2082,-72.2084
51.4330,-72.2582,-72.2584
51.4730,-72.3082,-72.3084
51.5370,-72.4082,-72.4084
51.6060,-72.4582,-72.4584
51.6760,-72.6083,-72.6084
51.7100,-72.6583,-72.6584
51.7750,-72.7083,-72.7084
51.8070,-72.8083,-72.8084
51.8740,-72.9083,-72.9084
51.9150,-72.9583,-72.9584
51.9840,-73.0083,-73.0084
52.0200,-73.1083,-73.1084
52.0530,-73.1583,-73.1584
52.0860,-73.2083,-73.2084
52.1510,-73.3083,-73.3084
52.1840,-73.3583,-73.3584
52.2160,-73.4083,-73.4084
52.2810,-73.5083,-73.5084
52.3140,-73.5583,-73.5584
52.3800,-73.6583,-73.6584
52.4210,-73.7083,-73.7084
52.4940,-73.7583,-73.7584
52.5250,-73.8083,-73.8084
52.5910,-73.9583,-73.9584
52.6930,-74.0583,-74.0584
52.7300,-74.1583,-74.1584
52.7970,-74.2584,-74.2584
52.8620,-74.3584,-74.3584
52.8960,-74.4084,-74.4084
52.9370,-74.4584,-74.4584
53.0090,-74.5584,-74.5584
53.0410,-74.6084,-74.6084
53.0730,-74.6584,-74.6584
53.1390,-74.7584,-74.7584
53.1720,-74.8084,-74.8084
53.2040,-74.8584,-74.8584
53.2700,-74.9584,-74.9584
53.3020,-75.0084,-75.0084
53.3680,-75.1084,-75.1084
53.4420,-75.2084,-75.2084
53.5140,-75.3084,-75.3084
53.5460,-75.3584,-75.3584
53.5790,-75.4084,-75.4084
53.6440,-75.5084,-75.5084
53.7460,-75.6084,-75.6084
53.7830,-75.7084,-75.7084
53.8490,-75.8084,-75.8084
53.8830,-75.8584,-75.8584
53.9550,-75.9085,-75.9084
53.9910,-76.0085,-76.0084
54.0630,-76.0585,-76.0584
54.1310,-76.2085,-76.2084
54.1640,-76.2585,-76.2584
54.1970,-76.3085,-76.3084
54.2620,-76.4085,-76.4084
54.2950,-76.4585,-76.4584
54.3270,-76.5085,-76.5084
54.3930,-76.6085,-76.6084
54.4260,-76.6585,-76.6584
54.4980,-76.7085,-76.7084
54.5710,-76.8585,-76.8584
54.6350,-76.9585,-76.9584
54.7000,-77.0585,-77.0584
54.7330,-77.1085,-77.1084
54.8010,-77.1585,-77.1584
54.8380,-77.2585,-77.2584
54.8710,-77.3085,-77.3084
54.9040,-77.3585,-77.3584
54.9790,-77.4585,-77.4584
55.0100,-77.5085,-77.5084
55.0500,-77.5586,-77.5584
55.1140,-77.6586,-77.6584
55.1470,-77.7086,-77.7084
55.2120,-77.7586,-77.7584
55.2450,-77.8586,-77.8584
55.2770,-77.9086,-77.9084
55.3420,-78.0086,-78.0084
55.4080,-78.1086,-78.1084
55.4410,-78.1586,-78.1584
55.4820,-78.2086,-78.2084
55.5530,-78.3086,-78.3084
55.5840,-78.3586,-78.3584
55.6170,-78.4086,-78.4084
55.6830,-78.5086,-78.5084
55.7160,-78.5586,-78.5584
55.7480,-78.6086,-78.6084
55.8130,-78.7086,-78.7084
55.8820,-78.7586,-78.7584
55.9190,-78.8586,-78.8584
56.0250,-78.9586,-78.9584
56.0610,-79.0586,-79.0584
56.1010,-79.1086,-79.1084
56.1650,-79.1587,-79.1584
56.1980,-79.2587,-79.2584
56.2630,-79.3587,-79.3584
56.2960,-79.4087,-79.4084
56.3280,-79.4587,-79.4584
56.3940,-79.5587,-79.5584
56.4260,-79.6087,-79.6084
56.5040,-79.7087,-79.7084
56.5350,-79.7587,-79.7584
56.5750,-79.8087,-79.8084
56.6390,-79.8587,-79.8584
56.7050,-79.9587,-79.9584
56.7370,-80.0087,-80.0084
56.7710,-80.1087,-80.1084
56.8350,-80.2087,-80.2084
56.8690,-80.2587,-80.2584
56.9010,-80.3087,-80.3084
56.9710,-80.3587,-80.3584
57.0080,-80.4587,-80.4584
57.0490,-80.5087,-80.5084
57.1200,-80.5587,-80.5584
57.1560,-80.6587,-80.6584
57.1900,-80.7087,-80.7084
57.2550,-80.8088,-80.8084
57.2880,-80.8588,-80.8584
57.3200,-80.9088,-80.9084
57.3860,-81.0088,-81.0084
57.4180,-81.0588,-81.0584
57.4840,-81.1588,-81.1584
57.5280,-81.2088,-81.2084
57.6040,-81.2588,-81.2584
57.6810,-81.4088,-81.4084
57.7260,-81.4588,-81.4584
57.7550,-81.5088,-81.5084
57.8210,-81.6088,-81.6084
57.8550,-81.6588,-81.6584
57.8870,-81.7088,-81.7084
57.9520,-81.8088,-81.8084
57.9850,-81.8588,-81.8584
58.0620,-81.9088,-81.9084
58.1000,-82.0088,-82.0084
58.1330,-82.0588,-82.0584
58.1660,-82.1088,-82.1084
58.2320,-82.2088,-82.2084
58.2650,-82.2588,-82.2584
58.3290,-82.3088,-82.3084
58.3620,-82.4088,-82.4084
58.4270,-82.4589,-82.4584
58.4600,-82.5589,-82.5584
58.5270,-82.6589,-82.6584
58.5670,-82.7089,-82.7084
58.5980,-82.7589,-82.7584
58.6720,-82.8589,-82.8584
58.7030,-82.9089,-82.9084
58.7360,-82.9589,-82.9584
58.8010,-83.0589,-83.0584
58.8340,-83.1089,-83.1084
58.8670,-83.1589,-83.1584
58.9330,-83.2589,-83.2584
58.9650,-83.3089,-83.3084
59.0300,-83.4089,-83.4084
59.0720,-83.4589,-83.4584
59.1470,-83.5089,-83.5084
59.2170,-83.6589,-83.6584
59.2500,-83.7089,-83.7084
59.2830,-83.7589,-83.7584
59.3480,-83.8589,-83.8584
59.4140,-83.9089,-83.9084
59.4460,-84.0089,-84.0084
59.5120,-84.1090,-84.1084
59.5440,-84.1590,-84.1584
59.5850,-84.2090,-84.2084
59.6570,-84.3090,-84.3084
59.6880,-84.3590,-84.3584
59.7210,-84.4090,-84.4084
59.7860,-84.5090,-84.5084
59.8190,-84.5590,-84.5584
59.8830,-84.6090,-84.6084
59.9160,-84.7090,-84.7084
59.9810,-84.8090,-84.8084
60.0140,-84.8590,-84.8584
60.0880,-84.9590,-84.9584
60.1190,-85.0090,-85.0084
60.1590,-85.0590,-85.0584
60.2270,-85.1090,-85.1084
60.2640,-85.2090,-85.2084
60.2960,-85.2590,-85.2584
60.3630,-85.3590,-85.3584
60.3960,-85.4090,-85.4084
60.4280,-85.4590,-85.4584
60.4930,-85.5590,-85.5584
60.5590,-85.6090,-85.6084
60.6310,-85.7091,-85.7084
60.7070,-85.8591,-85.8584
60.7390,-85.9091,-85.9084
60.8040,-86.0091,-86.0084
60.8370,-86.0591,-86.0584
60.8690,-86.1091,-86.1084
60.9350,-86.2091,-86.2084
60.9680,-86.2591,-86.2584
61.0010,-86.3091,-86.3084
61.0750,-86.4091,-86.4084
61.1070,-86.4591,-86.4584
61.1470,-86.5091,-86.5084
61.2170,-86.5591,-86.5584
61.2530,-86.6591,-86.6584
61.2860,-86.7091,-86.7084
61.3540,-86.7591,-86.7584
61.3910,-86.8591,-86.8584
61.4240,-86.9091,-86.9084
61.4900,-87.0091,-87.0084
61.5230,-87.0591,-87.0584
61.5880,-87.1591,-87.1584
61.6290,-87.2091,-87.2084
61.6620,-87.2591,-87.2584
61.7020,-87.3091,-87.3084
61.7660,-87.4092,-87.4084
61.8310,-87.4592,-87.4584
61.8650,-87.5592,-87.5584
61.9290,-87.6592,-87.6584
61.9620,-87.7092,-87.7084
61.9950,-87.7592,-87.7584
62.0600,-87.8592,-87.8584
62.0930,-87.9092,-87.9084
62.1660,-87.9592,-87.9584
62.2020,-88.0592,-88.0584
62.2430,-88.1092,-88.1084
62.2740,-88.1592,-88.1584
62.3390,-88.2592,-88.2584
62.3720,-88.3092,-88.3084
62.4410,-88.3592,-88.3584
62.4780,-88.4592,-88.4584
62.5110,-88.5092,-88.5084
62.5770,-88.6092,-88.6084
62.6430,-88.6592,-88.6584
62.6830,-88.7592,-88.7584
62.7530,-88.8092,-88.8084
62.8220,-88.9092,-88.9084
62.8550,-89.0093,-89.0084
62.9190,-89.1093,-89.1084
62.9520,-89.1593,-89.1584
62.9850,-89.2093,-89.2084
63.0590,-89.3093,-89.3084
63.0890,-89.3593,-89.3584
63.1220,-89.4093,-89.4084
63.1970,-89.5093,-89.5084
63.2290,-89.5593,-89.5584
63.2680,-89.6093,-89.6084
63.3320,-89.7093,-89.7084
63.3650,-89.7593,-89.7584
63.4300,-89.8093,-89.8084
63.4990,-89.9093,-89.9084
63.5690,-90.0593,-90.0584
63.6350,-90.1593,-90.1584
63.6770,-90.2093,-90.2084
63.7080,-90.2593,-90.2584
63.7790,-90.3093,-90.3084
63.8120,-90.4093,-90.4084
63.8450,-90.4593,-90.4584
63.9100,-90.5593,-90.5584
63.9420,-90.6093,-90.6084
63.9750,-90.6594,-90.6584
64.0400,-90.7594,-90.7584
64.0730,-90.8094,-90.8084
64.1060,-90.8594,-90.8584
64.2110,-90.9594,-90.9584
64.2880,-91.0594,-91.0584
64.3190,-91.1594,-91.1584
64.3520,-91.2094,-91.2084
64.4170,-91.3094,-91.3084
64.4830,-91.4094,-91.4084
64.5160,-91.4594,-91.4584
64.5850,-91.5094,-91.5084
64.6220,-91.6094,-91.6084
64.6560,-91.6594,-91.6584
64.7280,-91.7094,-91.7084
64.7640,-91.8094,-91.8084
64.8040,-91.8594,-91.8584
64.8350,-91.9094,-91.9084
64.9000,-92.0094,-92.0084
64.9330,-92.0594,-92.0584
64.9660,-92.1094,-92.1084
65.0380,-92.2094,-92.2084
65.0690,-92.2595,-92.2584
65.1350,-92.3095,-92.3084
65.1680,-92.4095,-92.4084
65.2420,-92.4595,-92.4584
65.3130,-92.5595,-92.5584
65.3480,-92.6595,-92.6584
65.4140,-92.7595,-92.7584
65.4790,-92.8095,-92.8084
65.5120,-92.9095,-92.9084
65.5450,-92.9595,-92.9584
65.6470,-93.0595,-93.0584
65.6840,-93.1595,-93.1584
65.7610,-93.2595,-93.2584
65.7920,-93.3095,-93.3084
65.8330,-93.3595,-93.3584
65.8970,-93.4595,-93.4584
65.9300,-93.5095,-93.5084
65.9620,-93.5595,-93.5584
66.0280,-93.6595,-93.6584
66.0610,-93.7095,-93.7084
66.1260,-93.8095,-93.8084
66.1590,-93.8595,-93.8584
66.2260,-93.9096,-93.9084
66.2670,-94.0096,-94.0084
66.3390,-94.1096,-94.1084
66.4020,-94.2096,-94.2084
66.4680,-94.3096,-94.3084
66.5010,-94.3596,-94.3584
66.5340,-94.4096,-94.4084
66.5990,-94.5096,-94.5084
66.6310,-94.5596,-94.5584
66.6640,-94.6096,-94.6084
66.7400,-94.6596,-94.6584
66.7780,-94.7596,-94.7584
66.8120,-94.8096,-94.8084
66.8830,-94.9096,-94.9084
66.9160,-94.9596,-94.9584
66.9480,-95.0096,-95.0084
67.0140,-95.1096,-95.1084
67.0460,-95.1596,-95.1584
67.1120,-95.2596,-95.2584
67.1770,-95.3596,-95.3584
67.2110,-95.4096,-95.4084
67.2830,-95.4596,-95.4584
67.3200,-95.5597,-95.5584
67.3600,-95.6097,-95.6084
67.3920,-95.6597,-95.6584
67.4560,-95.7597,-95.7584
67.4890,-95.8097,-95.8084
67.5230,-95.8597,-95.8584
67.5960,-95.9597,-95.9584
67.6320,-96.0097,-96.0084
67.6710,-96.0597,-96.0584
67.7430,-96.1597,-96.1584
67.8280,-96.2097,-96.2084
67.8650,-96.3097,-96.3084
67.8980,-96.3597,-96.3584
67.9640,-96.4597,-96.4584
68.0300,-96.5097,-96.5084
68.0710,-96.6097,-96.6084
68.1020,-96.6597,-96.6584
68.1680,-96.7597,-96.7584
68.2000,-96.8097,-96.8084
68.2330,-96.8597,-96.8584
68.3070,-96.9597,-96.9584
68.3380,-97.0097,-97.0084
68.3720,-97.0597,-97.0584
68.4430,-97.1597,-97.1584
68.4750,-97.2098,-97.2084
68.5080,-97.2598,-97.2584
68.5730,-97.3598,-97.3584
68.6060,-97.4098,-97.4084
68.6710,-97.5098,-97.5084
68.7370,-97.5598,-97.5584
68.7700,-97.6598,-97.6584
68.8110,-97.7098,-97.7084
68.8870,-97.7598,-97.7584
68.9570,-97.8598,-97.8584
68.9910,-97.9598,-97.9584
69.0640,-98.0098,-98.0084
69.0950,-98.0598,-98.0584
69.1280,-98.1598,-98.1584
69.1930,-98.2598,-98.2584
69.2260,-98.3098,-98.3084
69.2920,-98.4098,-98.4084
69.3330,-98.4598,-98.4584
69.3640,-98.5098,-98.5084
69.4360,-98.6098,-98.6084
69.4680,-98.6598,-98.6584
69.5010,-98.7098,-98.7084
69.5670,-98.8098,-98.8084
69.6000,-98.8599,-98.8584
69.6320,-98.9099,-98.9084
69.6980,-99.0099,-99.0084
69.7640,-99.0599,-99.0584
69.7960,-99.1599,-99.1584
69.8380,-99.2099,-99.2084
69.9450,-99.3099,-99.3084
69.9820,-99.4099,-99.4084
70.0160,-99.4599,-99.4584
70.0820,-99.5099,-99.5084
70.1140,-99.6099,-99.6084
70.1790,-99.7099,-99.7084
70.2120,-99.7599,-99.7584
70.2780,-99.8599,-99.8584
70.3510,-99.9099,-99.9084
70.4290,-100.0599,-100.0584
70.4600,-100.1099,-100.1084
70.4930,-100.1599,-100.1584
70.5580,-100.2599,-100.2584
70.5900,-100.3099,-100.3084
70.6230,-100.3599,-100.3584
70.6880,-100.4599,-100.4584
70.7210,-100.5099,-100.5084
70.7870,-100.6100,-100.6084
70.8600,-100.6600,-100.6584
70.9280,-100.8100,-100.8084
70.9940,-100.9100,-100.9084
71.0630,-100.9600,-100.9584
71.1330,-101.1100,-101.1084
71.1660,-101.1600,-101.1584
71.1990,-101.2100,-101.2084
71.2640,-101.3100,-101.3084
71.2970,-101.3600,-101.3584
71.3300,-101.4100,-101.4084
71.4410,-101.5100,-101.5084
71.4760,-101.6100,-101.6084
71.5410,-101.7100,-101.7084
71.5740,-101.7600,-101.7584
71.6400,-101.8100,-101.8084
71.6730,-101.9100,-101.9084
71.7380,-101.9600,-101.9584
71.7710,-102.0600,-102.0584
71.8370,-102.1600,-102.1584
71.8770,-102.2101,-102.2084
71.9080,-102.2601,-102.2584
71.9800,-102.3601,-102.3584
72.0120,-102.4101,-102.4084
72.0450,-102.4601,-102.4584
72.1460,-102.5601,-102.5584
72.1830,-102.6601,-102.6584
72.2490,-102.7601,-102.7584
72.2820,-102.8101,-102.8084
72.3470,-102.8601,-102.8584
72.3880,-102.9601,-102.9584
72.4190,-103.0101,-103.0084
72.4600,-103.0601,-103.0584
72.5240,-103.1601,-103.1584
72.5560,-103.2101,-103.2084
72.6210,-103.3101,-103.3084
72.6860,-103.4101,-103.4084
72.7200,-103.4601,-103.4584
72.7520,-103.5101,-103.5084
72.8170,-103.6101,-103.6084
72.8500,-103.6601,-103.6584
72.9220,-103.7101,-103.7084
72.9590,-103.8102,-103.8084
72.9990,-103.8602,-103.8584
73.0300,-103.9102,-103.9084
73.0960,-104.0102,-104.0084
73.1280,-104.0602,-104.0584
73.1970,-104.1102,-104.1084
73.2340,-104.2102,-104.2084
73.2660,-104.2602,-104.2584
73.3000,-104.3102,-104.3084
73.3660,-104.4102,-104.4084
73.4390,-104.4602,-104.4584
73.5090,-104.5602,-104.5584
73.5450,-104.6602,-104.6584
73.6100,-104.7102,-104.7084
73.6430,-104.8102,-104.8084
73.7090,-104.9102,-104.9084
73.7410,-104.9602,-104.9584
73.8060,-105.0602,-105.0584
73.8390,-105.1102,-105.1084
73.9060,-105.1602,-105.1584
73.9510,-105.2602,-105.2584
73.9780,-105.3102,-105.3084
74.0190,-105.3602,-105.3584
74.0830,-105.4603,-105.4584
74.1160,-105.5103,-105.5084
74.1820,-105.5603,-105.5584
74.2510,-105.6603,-105.6584
74.3210,-105.8103,-105.8084
74.3870,-105.8603,-105.8584
74.4280,-105.9603,-105.9584
74.4600,-106.0103,-106.0084
74.5010,-106.0603,-106.0584
74.5650,-106.1103,-106.1084
74.5980,-106.2103,-106.2084
74.6630,-106.3103,-106.3084
74.6960,-106.3603,-106.3584
74.7290,-106.4103,-106.4084
74.7950,-106.5103,-106.5084
74.8270,-106.5603,-106.5584
74.8590,-106.6103,-106.6084
74.9650,-106.7103,-106.7084
75.0410,-106.8103,-106.8084
75.0730,-106.9103,-106.9084
75.1110,-106.9603,-106.9584
75.1710,-107.0603,-107.0584
75.2360,-107.1604,-107.1584
75.2680,-107.2104,-107.2084
75.3370,-107.2604,-107.2584
75.3740,-107.3604,-107.3584
75.4080,-107.4104,-107.4084
75.4810,-107.4604,-107.4584
75.5180,-107.5604,-107.5584
75.5580,-107.6104,-107.6084
75.5890,-107.6604,-107.6584
75.6540,-107.7604,-107.7584
75.6870,-107.8104,-107.8084
75.7190,-107.8604,-107.8584
75.7850,-107.9604,-107.9584
75.8180,-108.0104,-108.0084
75.8830,-108.0604,-108.0584
75.9880,-108.2104,-108.2084
75.9930,-108.2604,-108.2584
76.0660,-108.3604,-108.3584
76.0970,-108.4104,-108.4084
76.1620,-108.5104,-108.5084
76.2280,-108.5604,-108.5584
76.2610,-108.6604,-108.6584
76.2940,-108.7104,-108.7084
76.3590,-108.8105,-108.8084
76.4290,-108.8605,-108.8584
76.5070,-109.0105,-109.0084
76.5780,-109.0605,-109.0584
76.6470,-109.2105,-109.2084
76.6800,-109.2605,-109.2584
76.7120,-109.3105,-109.3084
76.7780,-109.4105,-109.4084
76.8100,-109.4605,-109.4584
76.8430,-109.5105,-109.5084
76.9080,-109.6105,-109.6084
76.9410,-109.6605,-109.6584
77.0150,-109.7605,-109.7584
77.0470,-109.8105,-109.8084
77.0870,-109.8605,-109.8584
77.1500,-109.9605,-109.9584
77.2160,-110.0105,-110.0084
77.2490,-110.1105,-110.1084
77.2820,-110.1605,-110.1584
77.3470,-110.2605,-110.2584
77.3790,-110.3105,-110.3084
77.4120,-110.3605,-110.3584
77.5230,-110.4606,-110.4584
77.5640,-110.5606,-110.5584
77.6420,-110.6606,-110.6584
77.6790,-110.7106,-110.7084
77.7180,-110.7606,-110.7584
77.7870,-110.8606,-110.8584
77.8200,-110.9106,-110.9084
77.8520,-110.9606,-110.9584
77.9180,-111.0606,-111.0584
77.9510,-111.1106,-111.1084
77.9840,-111.1606,-111.1584
78.0560,-111.2606,-111.2584
78.0970,-111.3106,-111.3084
78.1280,-111.3606,-111.3584
78.1940,-111.4606,-111.4584
78.2270,-111.5106,-111.5084
78.2920,-111.6106,-111.6084
78.3570,-111.6606,-111.6584
78.3900,-111.7606,-111.7584
78.4230,-111.8106,-111.8084
78.4890,-111.9106,-111.9084
78.5290,-111.9606,-111.9584
78.6050,-112.0107,-112.0084
78.6420,-112.0607,-112.0584
78.6760,-112.1607,-112.1584
78.7090,-112.2107,-112.2084
78.7740,-112.3107,-112.3084
78.8070,-112.3607,-112.3584
78.8400,-112.4107,-112.4084
78.9060,-112.5107,-112.5084
78.9380,-112.5607,-112.5584
79.0040,-112.6607,-112.6584
79.0450,-112.7107,-112.7084
79.0760,-112.7607,-112.7584
79.1490,-112.8107,-112.8084
79.1810,-112.9107,-112.9084
79.2460,-112.9607,-112.9584
79.2790,-113.0607,-113.0584
79.3460,-113.1607,-113.1584
79.3780,-113.2107,-113.2084
79.4110,-113.2607,-113.2584
79.4760,-113.3607,-113.3584
79.5090,-113.4107,-113.4084
79.5810,-113.4607,-113.4584
79.6180,-113.5607,-113.5584
79.6930,-113.6107,-113.6084
79.7640,-113.7608,-113.7584
79.7970,-113.8108,-113.8084
79.8290,-113.8608,-113.8584
79.8940,-113.9608,-113.9584
79.9270,-114.0108,-114.0084
79.9920,-114.1108,-114.1084
80.0260,-114.1608,-114.1584
80.0680,-114.2108,-114.2084
80.1400,-114.3108,-114.3084
80.2110,-114.3608,-114.3584
80.2800,-114.4608,-114.4584
80.3120,-114.5608,-114.5584
80.3780,-114.6608,-114.6584
80.4100,-114.7108,-114.7084
80.4760,-114.8108,-114.8084
80.5080,-114.8608,-114.8584
80.5810,-114.9108,-114.9084
80.6170,-115.0108,-115.0084
80.6580,-115.0608,-115.0584
80.6900,-115.1108,-115.1084
80.7910,-115.2108,-115.2084
80.8280,-115.3109,-115.3084
80.8940,-115.4109,-115.4084
80.9260,-115.4609,-115.4584
80.9590,-115.5109,-115.5084
81.0250,-115.6109,-115.6084
81.0580,-115.6609,-115.6584
81.0990,-115.7109,-115.7084
81.1690,-115.7609,-115.7584
81.2040,-115.8609,-115.8584
81.2370,-115.9109,-115.9084
81.3020,-116.0109,-116.0084
81.3350,-116.0609,-116.0584
81.4000,-116.1609,-116.1584
81.4650,-116.2609,-116.2584
81.4980,-116.3109,-116.3084
81.5310,-116.3609,-116.3584
81.6060,-116.4609,-116.4584
81.6360,-116.5109,-116.5084
81.6770,-116.5609,-116.5584
81.7410,-116.6609,-116.6584
81.7740,-116.7109,-116.7084
81.8060,-116.7609,-116.7584
81.8750,-116.8109,-116.8084
81.9130,-116.9109,-116.9084
81.9460,-116.9610,-116.9584
82.0120,-117.0610,-117.0584
82.0450,-117.1110,-117.1084
82.1190,-117.2110,-117.2084
82.1500,-117.2610,-117.2584
82.1900,-117.3110,-117.3084
82.2540,-117.3610,-117.3584
82.3190,-117.4610,-117.4584
82.3520,-117.5110,-117.5084
82.3850,-117.6110,-117.6084
82.4500,-117.7110,-117.7084
82.4830,-117.7610,-117.7584
82.5160,-117.8110,-117.8084
82.5810,-117.9110,-117.9084
82.6220,-117.9610,-117.9584
82.6540,-118.0110,-118.0084
82.7260,-118.1110,-118.1084
82.7580,-118.1610,-118.1584
82.7910,-118.2110,-118.2084
82.8570,-118.3110,-118.3084
82.8890,-118.3610,-118.3584
82.9550,-118.4610,-118.4584
83.0200,-118.5110,-118.5084
83.0520,-118.6111,-118.6084
83.0860,-118.6611,-118.6584
83.1630,-118.7111,-118.7084
83.2410,-118.8611,-118.8584
83.2720,-118.9111,-118.9084
83.3380,-118.9611,-118.9584
83.3710,-119.0611,-119.0584
83.4360,-119.1611,-119.1584
83.4690,-119.2111,-119.2084
83.5020,-119.2611,-119.2584
83.5670,-119.3611,-119.3584
83.6000,-119.4111,-119.4084
83.6340,-119.4611,-119.4584
83.7050,-119.5611,-119.5584
83.7390,-119.6111,-119.6084
83.8040,-119.7111,-119.7084
83.8690,-119.8111,-119.8084
83.9020,-119.8611,-119.8584
83.9350,-119.9111,-119.9084
84.0360,-120.0111,-120.0084
84.0740,-120.1111,-120.1084
84.1490,-120.2112,-120.2084
84.1800,-120.2612,-120.2584
84.2130,-120.3112,-120.3084
84.2840,-120.4112,-120.4084
84.3170,-120.4612,-120.4584
84.3490,-120.5112,-120.5084
84.4150,-120.6112,-120.6084
84.4470,-120.6612,-120.6584
84.5130,-120.7612,-120.7584
84.5770,-120.8112,-120.8084
84.6110,-120.9112,-120.9084
84.6830,-120.9612,-120.9584
84.7200,-121.0112,-121.0084
84.7600,-121.1112,-121.1084
84.7910,-121.1612,-121.1584
84.8560,-121.2612,-121.2584
84.8890,-121.3112,-121.3084
84.9210,-121.3612,-121.3584
84.9870,-121.4612,-121.4584
85.0200,-121.5112,-121.5084
85.0510,-121.5612,-121.5584
85.1210,-121.6112,-121.6084
85.1580,-121.7112,-121.7084
85.1990,-121.7612,-121.7584
85.2680,-121.8112,-121.8084
85.3050,-121.9113,-121.9084
85.3690,-122.0113,-122.0084
85.4350,-122.0613,-122.0584
85.4670,-122.1613,-122.1584
85.5000,-122.2113,-122.2084
85.5650,-122.3113,-122.3084
85.5980,-122.3613,-122.3584
85.6640,-122.4113,-122.4084
85.7050,-122.5113,-122.5084
85.7360,-122.5613,-122.5584
85.7760,-122.6113,-122.6084
85.8400,-122.7113,-122.7084
85.8730,-122.7613,-122.7584
85.9380,-122.8613,-122.8584
86.0040,-122.9113,-122.9084
86.0360,-123.0113,-123.0084
86.0690,-123.0613,-123.0584
86.1340,-123.1613,-123.1584
86.2120,-123.2113,-123.2084
86.2900,-123.3613,-123.3584
86.3550,-123.4613,-123.4584
86.4200,-123.5614,-123.5584
86.4530,-123.6114,-123.6084
86.4850,-123.6614,-123.6584
86.5500,-123.7614,-123.7584
86.5840,-123.8114,-123.8084
86.6160,-123.8614,-123.8584
86.6820,-123.9614,-123.9584
86.7230,-124.0114,-124.0084
86.7950,-124.0614,-124.0584
86.8270,-124.1614,-124.1584
86.8590,-124.2114,-124.2084
86.9310,-124.3114,-124.3084
86.9900,-124.4114,-124.4084
87.0230,-124.4614,-124.4584
87.0560,-124.5114,-124.5084
87.1210,-124.6114,-124.6084
87.1540,-124.6614,-124.6584
87.1880,-124.7114,-124.7084
87.3060,-124.8114,-124.8084
87.3460,-124.9114,-124.9084
87.4110,-125.0114,-125.0084
87.4450,-125.0614,-125.0584
87.4780,-125.1115,-125.1084
87.5450,-125.2115,-125.2084
87.5820,-125.2615,-125.2584
87.6200,-125.3115,-125.3084
87.6930,-125.4115,-125.4084
87.7300,-125.4615,-125.4584
87.7710,-125.5115,-125.5084
87.8450,-125.5615,-125.5584
87.8810,-125.6615,-125.6584
87.9150,-125.7115,-125.7084
87.9790,-125.8115,-125.8084
88.0120,-125.8615,-125.8584
88.0450,-125.9115,-125.9084
88.1100,-126.0115,-126.0084
88.1430,-126.0615,-126.0584
88.2090,-126.1615,-126.1584
88.2840,-126.2615,-126.2584
88.3910,-126.3615,-126.3584
88.4280,-126.4615,-126.4584
88.4950,-126.5115,-126.5084
88.5270,-126.6115,-126.6084
88.5920,-126.6615,-126.6584
88.6250,-126.7616,-126.7584
88.6900,-126.8616,-126.8584
88.7230,-126.9116,-126.9084
88.7960,-126.9616,-126.9584
88.8320,-127.0616,-127.0584
88.8730,-127.1116,-127.1084
88.9040,-127.1616,-127.1584
88.9690,-127.2616,-127.2584
89.0020,-127.3116,-127.3084
89.0340,-127.3616,-127.3584
89.1000,-127.4616,-127.4584
89.1320,-127.5116,-127.5084
89.1970,-127.5616,-127.5584
89.2310,-127.6616,-127.6584
89.3030,-127.7116,-127.7084
89.3800,-127.8616,-127.8584
89.4110,-127.9116,-127.9084
89.5120,-128.0116,-128.0084
89.5480,-128.1116,-128.1084
89.6150,-128.2116,-128.2084
89.6800,-128.3116,-128.3084
89.7130,-128.3616,-128.3584
89.7460,-128.4117,-128.4084
89.8200,-128.5117,-128.5084
89.8900,-128.5617,-128.5584
89.9590,-128.7117,-128.7084
89.9910,-128.7617,-128.7584
90.0240,-128.8117,-128.8084
90.0890,-128.9117,-128.9084
90.1220,-128.9617,-128.9584
90.1870,-129.0117,-129.0084
90.2200,-129.1117,-129.1084
90.2870,-129.2117,-129.2084
90.3270,-129.2617,-129.2584
90.3990,-129.3617,-129.3584
90.4630,-129.4617,-129.4584
90.5280,-129.5617,-129.5584
90.5970,-129.6117,-129.6084
90.6670,-129.7617,-129.7584
90.7000,-129.8117,-129.8084
90.7320,-129.8617,-129.8584
90.7990,-129.9617,-129.9584
90.8400,-130.0117,-130.0084
90.8720,-130.0618,-130.0584
90.9440,-130.1618,-130.1584
90.9770,-130.2118,-130.2084
91.0090,-130.2618,-130.2584
91.0750,-130.3618,-130.3584
91.1070,-130.4118,-130.4084
91.1730,-130.5118,-130.5084
91.2390,-130.5618,-130.5584
91.2720,-130.6618,-130.6584
91.3060,-130.7118,-130.7084
91.3780,-130.8118,-130.8084
91.4190,-130.8618,-130.8584
91.4500,-130.9118,-130.9084
91.5160,-131.0118,-131.0084
91.5480,-131.0618,-131.0584
91.5810,-131.1118,-131.1084
91.6500,-131.1618,-131.1584
91.6870,-131.2618,-131.2584
91.7200,-131.3118,-131.3084
91.7870,-131.4118,-131.4084
91.8590,-131.4618,-131.4584
91.9360,-131.6118,-131.6084
91.9680,-131.6618,-131.6584
92.0000,-131.7119,-131.7084
92.0660,-131.8119,-131.8084
92.0980,-131.8619,-131.8584
92.1640,-131.9619,-131.9584
92.2290,-132.0619,-132.0584
92.2620,-132.1119,-132.1084
92.2950,-132.1619,-132.1584
92.3670,-132.2119,-132.2084
92.4040,-132.3119,-132.3084
92.4450,-132.3619,-132.3584
92.5090,-132.4619,-132.4584
92.5410,-132.5119,-132.5084
92.5750,-132.5619,-132.5584
92.6400,-132.6619,-132.6584
92.6720,-132.7119,-132.7084
92.7410,-132.7619,-132.7584
92.7790,-132.8619,-132.8584
92.8130,-132.9119,-132.9084
92.8540,-132.9619,-132.9584
92.9190,-133.0619,-133.0584
92.9600,-133.1119,-133.1084
92.9900,-133.1619,-133.1584
93.0560,-133.2619,-133.2584
93.0890,-133.3120,-133.3084
93.1540,-133.4120,-133.4084
93.2190,-133.5120,-133.5084
93.2520,-133.5620,-133.5584
93.2840,-133.6120,-133.6084
93.3890,-133.7120,-133.7084
93.4260,-133.8120,-133.8084
93.4980,-133.9120,-133.9084
93.5310,-133.9620,-133.9584
93.5630,-134.0120,-134.0084
93.6280,-134.1120,-134.1084
93.6610,-134.1620,-134.1584
93.7260,-134.2120,-134.2084
93.7590,-134.3120,-134.3084
93.8280,-134.3620,-134.3584
93.8330,-134.4120,-134.4084
93.9070,-134.5120,-134.5084
93.9790,-134.5620,-134.5584
94.0480,-134.7120,-134.7084
94.0810,-134.7620,-134.7584
94.1460,-134.8120,-134.8084
94.1790,-134.9120,-134.9084
94.2440,-134.9621,-134.9584
94.2830,-135.0621,-135.0584
94.3420,-135.1621,-135.1584
94.4150,-135.2121,-135.2084
94.4910,-135.3121,-135.3084
94.5280,-135.3621,-135.3584
94.5620,-135.4621,-135.4584
94.6310,-135.5621,-135.5584
94.6670,-135.6121,-135.6084
94.7020,-135.6621,-135.6584
94.7700,-135.7621,-135.7584
94.8030,-135.8121,-135.8084
94.8360,-135.8621,-135.8584
94.9120,-135.9121,-135.9084
94.9490,-136.0121,-136.0084
94.9910,-136.0621,-136.0584
95.0620,-136.1121,-136.1084
95.0980,-136.2121,-136.2084
95.1320,-136.2621,-136.2584
95.1960,-136.3621,-136.3584
95.2290,-136.4121,-136.4084
95.3010,-136.4621,-136.4584
95.3410,-136.5621,-136.5584
