timestamp_utc,channel_label,channel_state,bytesSent,bytesReceived,messagesSent,messagesReceived,delta_bytesSent,delta_bytesReceived,delta_msgsSent,delta_msgsRecv,throughput_send_kbps,throughput_recv_kbps,transport_bytesSent,transport_bytesRecv,transport_throughput_send_kbps,transport_throughput_recv_kbps,ice_rtt_ms,ice_availableOutBitrate_kbps
2026-05-23T10:18:10.0483130Z,commands,open,0,0,0,0,0,0,0,0,0.00,0.00,0,0,N/A,N/A,0.00,0.00
2026-05-23T10:18:10.0483130Z,robot_state,open,0,4084,0,22,0,4084,0,22,0.00,32.67,0,0,N/A,N/A,0.00,0.00
2026-05-23T10:18:11.1310350Z,commands,open,0,0,0,0,0,0,0,0,0.00,0.00,0,0,N/A,N/A,1.00,0.00
2026-05-23T10:18:11.1310350Z,robot_state,open,0,8362,0,45,0,4278,0,23,0.00,34.22,0,0,N/A,N/A,1.00,0.00
2026-05-23T10:18:12.2248780Z,commands,open,340,0,5,0,340,0,5,0,2.72,0.00,0,0,N/A,N/A,1.00,0.00
2026-05-23T10:18:12.2248780Z,robot_state,open,0,12952,0,69,0,4590,0,24,0.00,36.72,0,0,N/A,N/A,1.00,0.00
2026-05-23T10:18:13.3193200Z,commands,open,2544,0,37,0,2204,0,32,0,17.63,0.00,0,0,N/A,N/A,1.00,0.00
2026-05-23T10:18:13.3193200Z,robot_state,open,0,18846,0,93,0,5894,0,24,0.00,47.15,0,0,N/A,N/A,1.00,0.00
2026-05-23T10:18:14.4127620Z,commands,open,4752,0,69,0,2208,0,32,0,17.66,0.00,0,0,N/A,N/A,0.00,0.00
2026-05-23T10:18:14.4127620Z,robot_state,open,0,24758,0,117,0,5912,0,24,0.00,47.30,0,0,N/A,N/A,0.00,0.00
2026-05-23T10:18:15.5389750Z,commands,open,6892,0,100,0,2140,0,31,0,17.12,0.00,0,0,N/A,N/A,0.00,0.00
2026-05-23T10:18:15.5389750Z,robot_state,open,0,30435,0,140,0,5677,0,23,0.00,45.42,0,0,N/A,N/A,0.00,0.00
2026-05-23T10:18:16.6364940Z,commands,open,9202,0,133,0,2310,0,33,0,18.48,0.00,0,0,N/A,N/A,1.00,0.00
2026-05-23T10:18:16.6364940Z,robot_state,open,0,36617,0,165,0,6182,0,25,0.00,49.46,0,0,N/A,N/A,1.00,0.00
2026-05-23T10:18:17.7257520Z,commands,open,11442,0,165,0,2240,0,32,0,17.92,0.00,0,0,N/A,N/A,1.00,0.00
2026-05-23T10:18:17.7257520Z,robot_state,open,0,42285,0,188,0,5668,0,23,0.00,45.34,0,0,N/A,N/A,1.00,0.00
2026-05-23T10:18:18.8225780Z,commands,open,13682,0,197,0,2240,0,32,0,17.92,0.00,0,0,N/A,N/A,1.00,0.00
2026-05-23T10:18:18.8225780Z,robot_state,open,0,47969,0,211,0,5684,0,23,0.00,45.47,0,0,N/A,N/A,1.00,0.00
2026-05-23T10:18:19.9082870Z,commands,open,15922,0,229,0,2240,0,32,0,17.92,0.00,0,0,N/A,N/A,0.00,0.00
2026-05-23T10:18:19.9082870Z,robot_state,open,0,54201,0,236,0,6232,0,25,0.00,49.86,0,0,N/A,N/A,0.00,0.00
2026-05-23T10:18:20.9899950Z,commands,open,18162,0,261,0,2240,0,32,0,17.92,0.00,0,0,N/A,N/A,0.00,0.00
2026-05-23T10:18:20.9899950Z,robot_state,open,0,59907,0,259,0,5706,0,23,0.00,45.65,0,0,N/A,N/A,0.00,0.00
2026-05-23T10:18:22.0787160Z,commands,open,20402,0,293,0,2240,0,32,0,17.92,0.00,0,0,N/A,N/A,1.00,0.00
2026-05-23T10:18:22.0787160Z,robot_state,open,0,66101,0,284,0,6194,0,25,0.00,49.55,0,0,N/A,N/A,1.00,0.00
2026-05-23T10:18:23.1680370Z,commands,open,22642,0,325,0,2240,0,32,0,17.92,0.00,0,0,N/A,N/A,1.00,0.00
2026-05-23T10:18:23.1680370Z,robot_state,open,0,72043,0,308,0,5942,0,24,0.00,47.54,0,0,N/A,N/A,1.00,0.00
2026-05-23T10:18:24.2610650Z,commands,open,24882,0,357,0,2240,0,32,0,17.92,0.00,0,0,N/A,N/A,0.00,0.00
2026-05-23T10:18:24.2610650Z,robot_state,open,0,78000,0,332,0,5957,0,24,0.00,47.66,0,0,N/A,N/A,0.00,0.00
2026-05-23T10:18:25.3403460Z,commands,open,27052,0,388,0,2170,0,31,0,17.36,0.00,0,0,N/A,N/A,0.00,0.00
2026-05-23T10:18:25.3403460Z,robot_state,open,0,83984,0,356,0,5984,0,24,0.00,47.87,0,0,N/A,N/A,0.00,0.00
2026-05-23T10:18:26.4292470Z,commands,open,29292,0,420,0,2240,0,32,0,17.92,0.00,0,0,N/A,N/A,0.00,0.00
2026-05-23T10:18:26.4292470Z,robot_state,open,0,90191,0,381,0,6207,0,25,0.00,49.66,0,0,N/A,N/A,0.00,0.00
2026-05-23T10:18:27.5176770Z,commands,open,31532,0,452,0,2240,0,32,0,17.92,0.00,0,0,N/A,N/A,0.00,0.00
2026-05-23T10:18:27.5176770Z,robot_state,open,0,96173,0,405,0,5982,0,24,0.00,47.86,0,0,N/A,N/A,0.00,0.00
2026-05-23T10:18:28.6032870Z,commands,open,33772,0,484,0,2240,0,32,0,17.92,0.00,0,0,N/A,N/A,0.00,0.00
2026-05-23T10:18:28.6032870Z,robot_state,open,0,102394,0,430,0,6221,0,25,0.00,49.77,0,0,N/A,N/A,0.00,0.00
2026-05-23T10:18:29.6907760Z,commands,open,36012,0,516,0,2240,0,32,0,17.92,0.00,0,0,N/A,N/A,1.00,0.00
2026-05-23T10:18:29.6907760Z,robot_state,open,0,108337,0,454,0,5943,0,24,0.00,47.54,0,0,N/A,N/A,1.00,0.00
2026-05-23T10:18:30.7823940Z,commands,open,38252,0,548,0,2240,0,32,0,17.92,0.00,0,0,N/A,N/A,1.00,0.00
2026-05-23T10:18:30.7823940Z,robot_state,open,0,114292,0,478,0,5955,0,24,0.00,47.64,0,0,N/A,N/A,1.00,0.00
2026-05-23T10:18:31.8667360Z,commands,open,40492,0,580,0,2240,0,32,0,17.92,0.00,0,0,N/A,N/A,0.00,0.00
2026-05-23T10:18:31.8667360Z,robot_state,open,0,120248,0,502,0,5956,0,24,0.00,47.65,0,0,N/A,N/A,0.00,0.00
2026-05-23T10:18:32.9656820Z,commands,open,42732,0,612,0,2240,0,32,0,17.92,0.00,0,0,N/A,N/A,0.00,0.00
2026-05-23T10:18:32.9656820Z,robot_state,open,0,125939,0,525,0,5691,0,23,0.00,45.53,0,0,N/A,N/A,0.00,0.00
2026-05-23T10:18:34.0621440Z,commands,open,44972,0,644,0,2240,0,32,0,17.92,0.00,0,0,N/A,N/A,1.00,0.00
2026-05-23T10:18:34.0621440Z,robot_state,open,0,131909,0,549,0,5970,0,24,0.00,47.76,0,0,N/A,N/A,1.00,0.00
2026-05-23T10:18:35.1416640Z,commands,open,47142,0,675,0,2170,0,31,0,17.36,0.00,0,0,N/A,N/A,1.00,0.00
2026-05-23T10:18:35.1416640Z,robot_state,open,0,137867,0,573,0,5958,0,24,0.00,47.66,0,0,N/A,N/A,1.00,0.00
2026-05-23T10:18:36.2278980Z,commands,open,49382,0,707,0,2240,0,32,0,17.92,0.00,0,0,N/A,N/A,1.00,0.00
2026-05-23T10:18:36.2278980Z,robot_state,open,0,144075,0,598,0,6208,0,25,0.00,49.66,0,0,N/A,N/A,1.00,0.00
2026-05-23T10:18:37.3112690Z,commands,open,51622,0,739,0,2240,0,32,0,17.92,0.00,0,0,N/A,N/A,1.00,0.00
2026-05-23T10:18:37.3112690Z,robot_state,open,0,150020,0,622,0,5945,0,24,0.00,47.56,0,0,N/A,N/A,1.00,0.00
2026-05-23T10:18:38.3916710Z,commands,open,53862,0,771,0,2240,0,32,0,17.92,0.00,0,0,N/A,N/A,1.00,0.00
2026-05-23T10:18:38.3916710Z,robot_state,open,0,155981,0,646,0,5961,0,24,0.00,47.69,0,0,N/A,N/A,1.00,0.00
2026-05-23T10:18:39.4802060Z,commands,open,56102,0,803,0,2240,0,32,0,17.92,0.00,0,0,N/A,N/A,0.00,0.00
2026-05-23T10:18:39.4802060Z,robot_state,open,0,161929,0,670,0,5948,0,24,0.00,47.58,0,0,N/A,N/A,0.00,0.00
2026-05-23T10:18:40.5742710Z,commands,open,58342,0,835,0,2240,0,32,0,17.92,0.00,0,0,N/A,N/A,0.00,0.00
2026-05-23T10:18:40.5742710Z,robot_state,open,0,168377,0,696,0,6448,0,26,0.00,51.58,0,0,N/A,N/A,0.00,0.00
2026-05-23T10:18:41.6750420Z,commands,open,60582,0,867,0,2240,0,32,0,17.92,0.00,0,0,N/A,N/A,1.00,0.00
2026-05-23T10:18:41.6750420Z,robot_state,open,0,174353,0,720,0,5976,0,24,0.00,47.81,0,0,N/A,N/A,1.00,0.00
2026-05-23T10:18:42.7681110Z,commands,open,62822,0,899,0,2240,0,32,0,17.92,0.00,0,0,N/A,N/A,1.00,0.00
2026-05-23T10:18:42.7681110Z,robot_state,open,0,180328,0,744,0,5975,0,24,0.00,47.80,0,0,N/A,N/A,1.00,0.00
2026-05-23T10:18:43.8522120Z,commands,open,65062,0,931,0,2240,0,32,0,17.92,0.00,0,0,N/A,N/A,1.00,0.00
2026-05-23T10:18:43.8522120Z,robot_state,open,0,186511,0,769,0,6183,0,25,0.00,49.46,0,0,N/A,N/A,1.00,0.00
2026-05-23T10:18:44.9289010Z,commands,open,67232,0,962,0,2170,0,31,0,17.36,0.00,0,0,N/A,N/A,1.00,0.00
2026-05-23T10:18:44.9289010Z,robot_state,open,0,192446,0,793,0,5935,0,24,0.00,47.48,0,0,N/A,N/A,1.00,0.00
2026-05-23T10:18:46.0198840Z,commands,open,69472,0,994,0,2240,0,32,0,17.92,0.00,0,0,N/A,N/A,1.00,0.00
2026-05-23T10:18:46.0198840Z,robot_state,open,0,198370,0,817,0,5924,0,24,0.00,47.39,0,0,N/A,N/A,1.00,0.00
2026-05-23T10:18:47.1028950Z,commands,open,71739,0,1026,0,2267,0,32,0,18.14,0.00,0,0,N/A,N/A,1.00,0.00
2026-05-23T10:18:47.1028950Z,robot_state,open,0,204349,0,841,0,5979,0,24,0.00,47.83,0,0,N/A,N/A,1.00,0.00
2026-05-23T10:18:48.1902650Z,commands,open,74011,0,1058,0,2272,0,32,0,18.18,0.00,0,0,N/A,N/A,1.00,0.00
2026-05-23T10:18:48.1902650Z,robot_state,open,0,210356,0,865,0,6007,0,24,0.00,48.06,0,0,N/A,N/A,1.00,0.00
2026-05-23T10:18:49.2736020Z,commands,open,76283,0,1090,0,2272,0,32,0,18.18,0.00,0,0,N/A,N/A,1.00,0.00
2026-05-23T10:18:49.2736020Z,robot_state,open,0,216591,0,890,0,6235,0,25,0.00,49.88,0,0,N/A,N/A,1.00,0.00
2026-05-23T10:18:50.3676190Z,commands,open,78555,0,1122,0,2272,0,32,0,18.18,0.00,0,0,N/A,N/A,1.00,0.00
2026-05-23T10:18:50.3676190Z,robot_state,open,0,222312,0,913,0,5721,0,23,0.00,45.77,0,0,N/A,N/A,1.00,0.00
2026-05-23T10:18:51.4583830Z,commands,open,80827,0,1154,0,2272,0,32,0,18.18,0.00,0,0,N/A,N/A,1.00,0.00
2026-05-23T10:18:51.4583830Z,robot_state,open,0,228295,0,937,0,5983,0,24,0.00,47.86,0,0,N/A,N/A,1.00,0.00
2026-05-23T10:18:52.5475650Z,commands,open,83099,0,1186,0,2272,0,32,0,18.18,0.00,0,0,N/A,N/A,1.00,0.00
2026-05-23T10:18:52.5475650Z,robot_state,open,0,234267,0,961,0,5972,0,24,0.00,47.78,0,0,N/A,N/A,1.00,0.00
2026-05-23T10:18:53.6056380Z,commands,open,85300,0,1217,0,2201,0,31,0,17.61,0.00,0,0,N/A,N/A,1.00,0.00
2026-05-23T10:18:53.6056380Z,robot_state,open,0,240239,0,985,0,5972,0,24,0.00,47.78,0,0,N/A,N/A,1.00,0.00
2026-05-23T10:18:54.7033260Z,commands,open,87572,0,1249,0,2272,0,32,0,18.18,0.00,0,0,N/A,N/A,1.00,0.00
2026-05-23T10:18:54.7033260Z,robot_state,open,0,245970,0,1008,0,5731,0,23,0.00,45.85,0,0,N/A,N/A,1.00,0.00
2026-05-23T10:18:55.7726300Z,commands,open,89773,0,1280,0,2201,0,31,0,17.61,0.00,0,0,N/A,N/A,1.00,0.00
2026-05-23T10:18:55.7726300Z,robot_state,open,0,251737,0,1031,0,5767,0,23,0.00,46.14,0,0,N/A,N/A,1.00,0.00
2026-05-23T10:18:56.8385430Z,commands,open,91974,0,1311,0,2201,0,31,0,17.61,0.00,0,0,N/A,N/A,0.00,0.00
2026-05-23T10:18:56.8385430Z,robot_state,open,0,257461,0,1054,0,5724,0,23,0.00,45.79,0,0,N/A,N/A,0.00,0.00
2026-05-23T10:18:57.9252840Z,commands,open,94246,0,1343,0,2272,0,32,0,18.18,0.00,0,0,N/A,N/A,0.00,0.00
2026-05-23T10:18:57.9252840Z,robot_state,open,0,263439,0,1078,0,5978,0,24,0.00,47.82,0,0,N/A,N/A,0.00,0.00
2026-05-23T10:18:59.0093880Z,commands,open,96518,0,1375,0,2272,0,32,0,18.18,0.00,0,0,N/A,N/A,1.00,0.00
2026-05-23T10:18:59.0093880Z,robot_state,open,0,269176,0,1101,0,5737,0,23,0.00,45.90,0,0,N/A,N/A,1.00,0.00
2026-05-23T10:19:00.0997600Z,commands,open,98790,0,1407,0,2272,0,32,0,18.18,0.00,0,0,N/A,N/A,1.00,0.00
2026-05-23T10:19:00.0997600Z,robot_state,open,0,274887,0,1124,0,5711,0,23,0.00,45.69,0,0,N/A,N/A,1.00,0.00
2026-05-23T10:19:01.2032590Z,commands,open,101062,0,1439,0,2272,0,32,0,18.18,0.00,0,0,N/A,N/A,1.00,0.00
2026-05-23T10:19:01.2032590Z,robot_state,open,0,280622,0,1147,0,5735,0,23,0.00,45.88,0,0,N/A,N/A,1.00,0.00
2026-05-23T10:19:02.2811420Z,commands,open,103334,0,1471,0,2272,0,32,0,18.18,0.00,0,0,N/A,N/A,1.00,0.00
2026-05-23T10:19:02.2811420Z,robot_state,open,0,286610,0,1171,0,5988,0,24,0.00,47.90,0,0,N/A,N/A,1.00,0.00
2026-05-23T10:19:03.3675790Z,commands,open,105606,0,1503,0,2272,0,32,0,18.18,0.00,0,0,N/A,N/A,1.00,0.00
2026-05-23T10:19:03.3675790Z,robot_state,open,0,292333,0,1194,0,5723,0,23,0.00,45.78,0,0,N/A,N/A,1.00,0.00
2026-05-23T10:19:04.4560490Z,commands,open,107878,0,1535,0,2272,0,32,0,18.18,0.00,0,0,N/A,N/A,1.00,0.00
2026-05-23T10:19:04.4560490Z,robot_state,open,0,298057,0,1217,0,5724,0,23,0.00,45.79,0,0,N/A,N/A,1.00,0.00
2026-05-23T10:19:05.5425470Z,commands,open,110079,0,1566,0,2201,0,31,0,17.61,0.00,0,0,N/A,N/A,1.00,0.00
2026-05-23T10:19:05.5425470Z,robot_state,open,0,303818,0,1240,0,5761,0,23,0.00,46.09,0,0,N/A,N/A,1.00,0.00
2026-05-23T10:19:06.6259000Z,commands,open,112351,0,1598,0,2272,0,32,0,18.18,0.00,0,0,N/A,N/A,0.00,0.00
2026-05-23T10:19:06.6259000Z,robot_state,open,0,309793,0,1264,0,5975,0,24,0.00,47.80,0,0,N/A,N/A,0.00,0.00
2026-05-23T10:19:07.7168900Z,commands,open,114623,0,1630,0,2272,0,32,0,18.18,0.00,0,0,N/A,N/A,0.00,0.00
2026-05-23T10:19:07.7168900Z,robot_state,open,0,315518,0,1287,0,5725,0,23,0.00,45.80,0,0,N/A,N/A,0.00,0.00
2026-05-23T10:19:08.8123830Z,commands,open,116895,0,1662,0,2272,0,32,0,18.18,0.00,0,0,N/A,N/A,0.00,0.00
2026-05-23T10:19:08.8123830Z,robot_state,open,0,321230,0,1310,0,5712,0,23,0.00,45.70,0,0,N/A,N/A,0.00,0.00
2026-05-23T10:19:09.8656990Z,commands,open,119096,0,1693,0,2201,0,31,0,17.61,0.00,0,0,N/A,N/A,0.00,0.00
2026-05-23T10:19:09.8656990Z,robot_state,open,0,326967,0,1333,0,5737,0,23,0.00,45.90,0,0,N/A,N/A,0.00,0.00
2026-05-23T10:19:10.9575720Z,commands,open,121368,0,1725,0,2272,0,32,0,18.18,0.00,0,0,N/A,N/A,0.00,0.00
2026-05-23T10:19:10.9575720Z,robot_state,open,0,332703,0,1356,0,5736,0,23,0.00,45.89,0,0,N/A,N/A,0.00,0.00
2026-05-23T10:19:12.0379260Z,commands,open,123640,0,1757,0,2272,0,32,0,18.18,0.00,0,0,N/A,N/A,0.00,0.00
2026-05-23T10:19:12.0379260Z,robot_state,open,0,338428,0,1379,0,5725,0,23,0.00,45.80,0,0,N/A,N/A,0.00,0.00
2026-05-23T10:19:13.1247020Z,commands,open,125912,0,1789,0,2272,0,32,0,18.18,0.00,0,0,N/A,N/A,0.00,0.00
2026-05-23T10:19:13.1247020Z,robot_state,open,0,344153,0,1402,0,5725,0,23,0.00,45.80,0,0,N/A,N/A,0.00,0.00
2026-05-23T10:19:14.2159520Z,commands,open,128184,0,1821,0,2272,0,32,0,18.18,0.00,0,0,N/A,N/A,2.00,0.00
2026-05-23T10:19:14.2159520Z,robot_state,open,0,350117,0,1426,0,5964,0,24,0.00,47.71,0,0,N/A,N/A,2.00,0.00
2026-05-23T10:19:15.2959570Z,commands,open,130385,0,1852,0,2201,0,31,0,17.61,0.00,0,0,N/A,N/A,2.00,0.00
2026-05-23T10:19:15.2959570Z,robot_state,open,0,355852,0,1449,0,5735,0,23,0.00,45.88,0,0,N/A,N/A,2.00,0.00
2026-05-23T10:19:16.3799350Z,commands,open,132657,0,1884,0,2272,0,32,0,18.18,0.00,0,0,N/A,N/A,2.00,0.00
2026-05-23T10:19:16.3799350Z,robot_state,open,0,361587,0,1472,0,5735,0,23,0.00,45.88,0,0,N/A,N/A,2.00,0.00
2026-05-23T10:19:17.4675050Z,commands,open,134929,0,1916,0,2272,0,32,0,18.18,0.00,0,0,N/A,N/A,1.00,0.00
2026-05-23T10:19:17.4675050Z,robot_state,open,0,367335,0,1495,0,5748,0,23,0.00,45.98,0,0,N/A,N/A,1.00,0.00
2026-05-23T10:19:18.5622760Z,commands,open,137201,0,1948,0,2272,0,32,0,18.18,0.00,0,0,N/A,N/A,1.00,0.00
2026-05-23T10:19:18.5622760Z,robot_state,open,0,373061,0,1518,0,5726,0,23,0.00,45.81,0,0,N/A,N/A,1.00,0.00
2026-05-23T10:19:19.6539300Z,commands,open,139473,0,1980,0,2272,0,32,0,18.18,0.00,0,0,N/A,N/A,1.00,0.00
2026-05-23T10:19:19.6539300Z,robot_state,open,0,378795,0,1541,0,5734,0,23,0.00,45.87,0,0,N/A,N/A,1.00,0.00
2026-05-23T10:19:20.7323050Z,commands,open,141745,0,2012,0,2272,0,32,0,18.18,0.00,0,0,N/A,N/A,1.00,0.00
2026-05-23T10:19:20.7323050Z,robot_state,open,0,384516,0,1564,0,5721,0,23,0.00,45.77,0,0,N/A,N/A,1.00,0.00
2026-05-23T10:19:21.8219160Z,commands,open,144017,0,2044,0,2272,0,32,0,18.18,0.00,0,0,N/A,N/A,0.00,0.00
2026-05-23T10:19:21.8219160Z,robot_state,open,0,390528,0,1588,0,6012,0,24,0.00,48.10,0,0,N/A,N/A,0.00,0.00
2026-05-23T10:19:22.9127060Z,commands,open,146289,0,2076,0,2272,0,32,0,18.18,0.00,0,0,N/A,N/A,0.00,0.00
2026-05-23T10:19:22.9127060Z,robot_state,open,0,396264,0,1611,0,5736,0,23,0.00,45.89,0,0,N/A,N/A,0.00,0.00
2026-05-23T10:19:23.9953560Z,commands,open,148561,0,2108,0,2272,0,32,0,18.18,0.00,0,0,N/A,N/A,0.00,0.00
2026-05-23T10:19:23.9953560Z,robot_state,open,0,402024,0,1634,0,5760,0,23,0.00,46.08,0,0,N/A,N/A,0.00,0.00
2026-05-23T10:19:25.0702860Z,commands,open,150762,0,2139,0,2201,0,31,0,17.61,0.00,0,0,N/A,N/A,0.00,0.00
2026-05-23T10:19:25.0702860Z,robot_state,open,0,407796,0,1657,0,5772,0,23,0.00,46.18,0,0,N/A,N/A,0.00,0.00
2026-05-23T10:19:26.1543770Z,commands,open,153034,0,2171,0,2272,0,32,0,18.18,0.00,0,0,N/A,N/A,0.00,0.00
2026-05-23T10:19:26.1543770Z,robot_state,open,0,413568,0,1680,0,5772,0,23,0.00,46.18,0,0,N/A,N/A,0.00,0.00
2026-05-23T10:19:27.2473050Z,commands,open,155306,0,2203,0,2272,0,32,0,18.18,0.00,0,0,N/A,N/A,1.00,0.00
2026-05-23T10:19:27.2473050Z,robot_state,open,0,419569,0,1704,0,6001,0,24,0.00,48.01,0,0,N/A,N/A,1.00,0.00
2026-05-23T10:19:28.3228450Z,commands,open,157578,0,2235,0,2272,0,32,0,18.18,0.00,0,0,N/A,N/A,1.00,0.00
2026-05-23T10:19:28.3228450Z,robot_state,open,0,425327,0,1727,0,5758,0,23,0.00,46.06,0,0,N/A,N/A,1.00,0.00
2026-05-23T10:19:29.4162110Z,commands,open,159850,0,2267,0,2272,0,32,0,18.18,0.00,0,0,N/A,N/A,0.00,0.00
2026-05-23T10:19:29.4162110Z,robot_state,open,0,431048,0,1750,0,5721,0,23,0.00,45.77,0,0,N/A,N/A,0.00,0.00
2026-05-23T10:19:30.5004130Z,commands,open,162122,0,2299,0,2272,0,32,0,18.18,0.00,0,0,N/A,N/A,0.00,0.00
2026-05-23T10:19:30.5004130Z,robot_state,open,0,436793,0,1773,0,5745,0,23,0.00,45.96,0,0,N/A,N/A,0.00,0.00
2026-05-23T10:19:31.5927340Z,commands,open,164394,0,2331,0,2272,0,32,0,18.18,0.00,0,0,N/A,N/A,1.00,0.00
2026-05-23T10:19:31.5927340Z,robot_state,open,0,442793,0,1797,0,6000,0,24,0.00,48.00,0,0,N/A,N/A,1.00,0.00
2026-05-23T10:19:32.6822730Z,commands,open,166666,0,2363,0,2272,0,32,0,18.18,0.00,0,0,N/A,N/A,1.00,0.00
2026-05-23T10:19:32.6822730Z,robot_state,open,0,448551,0,1820,0,5758,0,23,0.00,46.06,0,0,N/A,N/A,1.00,0.00
2026-05-23T10:19:33.7656850Z,commands,open,168938,0,2395,0,2272,0,32,0,18.18,0.00,0,0,N/A,N/A,1.00,0.00
2026-05-23T10:19:33.7656850Z,robot_state,open,0,454298,0,1843,0,5747,0,23,0.00,45.98,0,0,N/A,N/A,1.00,0.00
2026-05-23T10:19:34.8482780Z,commands,open,171139,0,2426,0,2201,0,31,0,17.61,0.00,0,0,N/A,N/A,1.00,0.00
2026-05-23T10:19:34.8482780Z,robot_state,open,0,460032,0,1866,0,5734,0,23,0.00,45.87,0,0,N/A,N/A,1.00,0.00
2026-05-23T10:19:35.9412060Z,commands,open,173411,0,2458,0,2272,0,32,0,18.18,0.00,0,0,N/A,N/A,1.00,0.00
2026-05-23T10:19:35.9412060Z,robot_state,open,0,465805,0,1889,0,5773,0,23,0.00,46.18,0,0,N/A,N/A,1.00,0.00
2026-05-23T10:19:36.9964180Z,commands,open,175612,0,2489,0,2201,0,31,0,17.61,0.00,0,0,N/A,N/A,1.00,0.00
2026-05-23T10:19:36.9964180Z,robot_state,open,0,471803,0,1913,0,5998,0,24,0.00,47.98,0,0,N/A,N/A,1.00,0.00
2026-05-23T10:19:38.0859660Z,commands,open,177884,0,2521,0,2272,0,32,0,18.18,0.00,0,0,N/A,N/A,1.00,0.00
2026-05-23T10:19:38.0859660Z,robot_state,open,0,477298,0,1935,0,5495,0,22,0.00,43.96,0,0,N/A,N/A,1.00,0.00
2026-05-23T10:19:39.1683700Z,commands,open,180156,0,2553,0,2272,0,32,0,18.18,0.00,0,0,N/A,N/A,1.00,0.00
2026-05-23T10:19:39.1683700Z,robot_state,open,0,483311,0,1959,0,6013,0,24,0.00,48.10,0,0,N/A,N/A,1.00,0.00
2026-05-23T10:19:40.2595530Z,commands,open,182428,0,2585,0,2272,0,32,0,18.18,0.00,0,0,N/A,N/A,1.00,0.00
2026-05-23T10:19:40.2595530Z,robot_state,open,0,488820,0,1981,0,5509,0,22,0.00,44.07,0,0,N/A,N/A,1.00,0.00
2026-05-23T10:19:41.3433660Z,commands,open,184700,0,2617,0,2272,0,32,0,18.18,0.00,0,0,N/A,N/A,1.00,0.00
2026-05-23T10:19:41.3433660Z,robot_state,open,0,494831,0,2005,0,6011,0,24,0.00,48.09,0,0,N/A,N/A,1.00,0.00
2026-05-23T10:19:42.4267130Z,commands,open,186972,0,2649,0,2272,0,32,0,18.18,0.00,0,0,N/A,N/A,1.00,0.00
2026-05-23T10:19:42.4267130Z,robot_state,open,0,500590,0,2028,0,5759,0,23,0.00,46.07,0,0,N/A,N/A,1.00,0.00
2026-05-23T10:19:43.5206760Z,commands,open,189244,0,2681,0,2272,0,32,0,18.18,0.00,0,0,N/A,N/A,1.00,0.00
2026-05-23T10:19:43.5206760Z,robot_state,open,0,506337,0,2051,0,5747,0,23,0.00,45.98,0,0,N/A,N/A,1.00,0.00
2026-05-23T10:19:44.6495650Z,commands,open,191516,0,2713,0,2272,0,32,0,18.18,0.00,0,0,N/A,N/A,1.00,0.00
2026-05-23T10:19:44.6495650Z,robot_state,open,0,512084,0,2074,0,5747,0,23,0.00,45.98,0,0,N/A,N/A,1.00,0.00
2026-05-23T10:19:45.7413470Z,commands,open,193788,0,2745,0,2272,0,32,0,18.18,0.00,0,0,N/A,N/A,1.00,0.00
2026-05-23T10:19:45.7413470Z,robot_state,open,0,518086,0,2098,0,6002,0,24,0.00,48.02,0,0,N/A,N/A,1.00,0.00
